0,	[2567.16, 789.292],	-1,	-1,	-1,	-1
0,	[2390.02, 875.983],	2,	-1,	-1,	-1
0,	[2338.96, 879.954],	4,	2,	-1,	-1
0,	[2288.04, 883.007],	2,	4,	-1,	-1
0,	[2238.49, 886.017],	0,	2,	-1,	-1
0,	[2050.32, 890.262],	7,	0,	-1,	-1
0,	[2094, 890.004],	0,	0,	-1,	-1
0,	[2140.98, 890.004],	0,	0,	-1,	-1
0,	[2536.41, 925.142],	0,	-1,	-1,	-1
0,	[2482.03, 930.98],	3,	0,	-1,	-1
0,	[1867.01, 939.974],	6,	0,	-1,	-1
0,	[2377, 940.043],	4,	3,	-1,	-1
0,	[1906.27, 943.06],	0,	7,	-1,	-1
0,	[1949.01, 947.03],	7,	2,	-1,	-1
0,	[1991.99, 949.964],	2,	7,	-1,	-1
0,	[2175.5, 952.012],	4,	1,	-1,	-1
0,	[2634.51, 976],	4,	-1,	-1,	-1
0,	[1740.13, 983.256],	-1,	0,	-1,	-1
0,	[2578.5, 982.989],	4,	4,	-1,	-1
0,	[1776.32, 988.355],	0,	7,	-1,	-1
0,	[2523.49, 988],	0,	4,	-1,	-1
0,	[2416.99, 1000.01],	0,	0,	-1,	-1
0,	[2363.96, 1004.03],	0,	0,	-1,	-1
0,	[2311.98, 1008.02],	1,	0,	-1,	-1
0,	[1935.98, 1008.02],	1,	2,	-1,	-1
0,	[1979.95, 1011.01],	2,	2,	-1,	-1
0,	[2115, 1014.99],	0,	2,	-1,	-1
0,	[2261.95, 1011.01],	4,	1,	-1,	-1
0,	[2069.96, 1014.04],	2,	0,	-1,	-1
0,	[2163, 1014.03],	2,	6,	-1,	-1
0,	[2211.96, 1013.04],	6,	4,	-1,	-1
0,	[2735.48, 1022.5],	0,	6,	-1,	-1
0,	[1492, 1030.03],	-1,	4,	-1,	-1
0,	[2679.02, 1031.98],	0,	1,	-1,	-1
0,	[2622, 1039.99],	3,	0,	-1,	-1
0,	[2512.99, 1053],	2,	3,	-1,	-1
0,	[1803.36, 1054.32],	4,	0,	-1,	-1
0,	[2457.99, 1058.01],	2,	2,	-1,	-1
0,	[2404.03, 1062.98],	0,	2,	-1,	-1
0,	[2841, 1066.02],	6,	-1,	-1,	-1
0,	[1925.05, 1067.98],	6,	6,	-1,	-1
0,	[1968.95, 1070.99],	6,	7,	-1,	-1
0,	[2012.97, 1073.02],	7,	3,	-1,	-1
0,	[2057.96, 1074.99],	3,	2,	-1,	-1
0,	[2249.98, 1073.01],	6,	4,	-1,	-1
0,	[2301.47, 1070.02],	4,	5,	-1,	-1
0,	[2104.99, 1075.97],	2,	0,	-1,	-1
0,	[2151.02, 1075.97],	0,	0,	-1,	-1
0,	[2199.96, 1074.99],	0,	6,	-1,	-1
0,	[2781.5, 1076],	1,	6,	-1,	-1
0,	[2781.49, 1079],	1,	6,	-1,	-1
0,	[2724.04, 1087.01],	7,	1,	-1,	-1
0,	[2666.96, 1095.98],	0,	4,	-1,	-1
0,	[1716.01, 1099],	4,	7,	-1,	-1
0,	[2609.99, 1103.05],	1,	0,	-1,	-1
0,	[2949, 1105.02],	0,	6,	-1,	-1
0,	[1536.99, 1109.98],	4,	6,	-1,	-1
0,	[2556.01, 1109.95],	6,	1,	-1,	-1
0,	[2500.02, 1115.04],	0,	6,	-1,	-1
0,	[2447, 1120.01],	7,	0,	-1,	-1
0,	[2889.59, 1117.85],	4,	0,	-1,	-1
0,	[1914.97, 1126.04],	0,	2,	-1,	-1
0,	[2393.99, 1124.04],	2,	7,	-1,	-1
0,	[1570.47, 1122.47],	6,	1,	-1,	-1
0,	[1958.04, 1129.97],	2,	6,	-1,	-1
0,	[2340.98, 1128.04],	5,	2,	-1,	-1
0,	[2002.94, 1132.04],	6,	6,	-1,	-1
0,	[2290, 1131.97],	0,	5,	-1,	-1
0,	[1601.59, 1130.21],	1,	0,	-1,	-1
0,	[2048, 1134.01],	6,	7,	-1,	-1
0,	[2239.01, 1133.98],	7,	0,	-1,	-1
0,	[2830, 1130.05],	4,	4,	-1,	-1
0,	[2094.01, 1135.01],	4,	7,	-1,	-1
0,	[2141.92, 1135.05],	7,	4,	-1,	-1
0,	[2189.94, 1135],	4,	4,	-1,	-1
0,	[1635.03, 1139.03],	0,	4,	-1,	-1
0,	[1360.66, 1137.66],	-1,	2,	-1,	-1
0,	[2771.98, 1140.99],	0,	4,	-1,	-1
0,	[2713.99, 1150.03],	2,	0,	-1,	-1
0,	[1497.04, 1153.98],	4,	0,	-1,	-1
0,	[1382.98, 1153.98],	2,	0,	-1,	-1
0,	[3000, 1155],	0,	-1,	-1,	-1
0,	[2655.01, 1158.03],	1,	2,	-1,	-1
0,	[1528.01, 1164.99],	0,	0,	-1,	-1
0,	[1406, 1168.02],	0,	2,	-1,	-1
0,	[1744.91, 1162.94],	4,	6,	-1,	-1
0,	[2601.02, 1165.02],	2,	1,	-1,	-1
0,	[1784.43, 1169],	6,	7,	-1,	-1
0,	[2544.96, 1171.02],	0,	2,	-1,	-1
0,	[2938, 1169.03],	4,	0,	-1,	-1
0,	[2491, 1176.05],	4,	0,	-1,	-1
0,	[1824.46, 1174.99],	5,	1,	-1,	-1
0,	[1432.97, 1182.01],	2,	0,	-1,	-1
0,	[1864.46, 1179.97],	1,	4,	-1,	-1
0,	[2436.96, 1180.98],	0,	4,	-1,	-1
0,	[1906.98, 1184],	4,	1,	-1,	-1
0,	[2878.98, 1181.98],	0,	4,	-1,	-1
0,	[2383.96, 1185.02],	0,	0,	-1,	-1
0,	[1949.98, 1187.04],	1,	1,	-1,	-1
0,	[1593.04, 1185.04],	0,	1,	-1,	-1
0,	[1993.82, 1189.74],	1,	5,	-1,	-1
0,	[2331.98, 1188.98],	2,	0,	-1,	-1
0,	[1459.03, 1195.01],	0,	6,	-1,	-1
0,	[2132.05, 1194.02],	7,	4,	-1,	-1
0,	[2180.94, 1194.01],	4,	5,	-1,	-1
0,	[2819.97, 1193.03],	0,	0,	-1,	-1
0,	[1625.53, 1194],	1,	6,	-1,	-1
0,	[2085, 1195.43],	1,	5,	-1,	-1
0,	[2230.58, 1195.11],	5,	5,	-1,	-1
0,	[1662.07, 1203.02],	6,	2,	-1,	-1
0,	[2761.02, 1203.02],	4,	0,	-1,	-1
0,	[2703.98, 1211.98],	0,	4,	-1,	-1
0,	[1736.99, 1218.03],	2,	1,	-1,	-1
0,	[2645.99, 1219.98],	1,	0,	-1,	-1
0,	[1774.01, 1225],	1,	2,	-1,	-1
0,	[2591.01, 1226.02],	7,	1,	-1,	-1
0,	[1814.95, 1230.99],	2,	6,	-1,	-1
0,	[2535.03, 1231.98],	4,	4,	-1,	-1
0,	[1856.05, 1235.96],	6,	7,	-1,	-1
0,	[2930, 1231.99],	2,	1,	-1,	-1
0,	[1584.95, 1239.02],	0,	0,	-1,	-1
0,	[2481.03, 1236.97],	7,	4,	-1,	-1
0,	[1898, 1240.02],	4,	3,	-1,	-1
0,	[1941, 1244],	3,	2,	-1,	-1
0,	[2427.03, 1241],	5,	5,	-1,	-1
0,	[2374.99, 1244.98],	5,	5,	-1,	-1
0,	[2869.01, 1244.03],	2,	2,	-1,	-1
0,	[1618.02, 1248.96],	0,	4,	-1,	-1
0,	[1985.03, 1247.01],	2,	7,	-1,	-1
0,	[2030.95, 1249.03],	7,	0,	-1,	-1
0,	[2271.04, 1250.95],	6,	5,	-1,	-1
0,	[2322, 1248.01],	5,	7,	-1,	-1
0,	[2076.94, 1250.98],	0,	4,	-1,	-1
0,	[2124.02, 1251.98],	4,	1,	-1,	-1
0,	[2171.95, 1252.01],	1,	0,	-1,	-1
0,	[2220.94, 1251.97],	0,	6,	-1,	-1
0,	[2810.02, 1254.99],	2,	2,	-1,	-1
0,	[1654.09, 1257.06],	7,	6,	-1,	-1
0,	[1481.57, 1260.19],	6,	7,	-1,	-1
0,	[1691.01, 1265.95],	6,	6,	-1,	-1
0,	[2752, 1264.04],	2,	2,	-1,	-1
0,	[1729.02, 1272.99],	6,	2,	-1,	-1
0,	[2693.02, 1272.98],	1,	2,	-1,	-1
0,	[1512.46, 1271],	7,	4,	-1,	-1
0,	[2638, 1279.97],	5,	1,	-1,	-1
0,	[2980.02, 1280],	0,	4,	-1,	-1
0,	[1807.97, 1285.96],	2,	0,	-1,	-1
0,	[2582.02, 1285.97],	0,	5,	-1,	-1
0,	[1848.98, 1290.99],	0,	1,	-1,	-1
0,	[2526.98, 1291.01],	4,	0,	-1,	-1
0,	[1890.01, 1295.04],	1,	4,	-1,	-1
0,	[2919.97, 1293.04],	0,	0,	-1,	-1
0,	[2472.96, 1295.97],	4,	4,	-1,	-1
0,	[1933.95, 1299.05],	4,	7,	-1,	-1
0,	[1978.07, 1302.98],	7,	1,	-1,	-1
0,	[2418.98, 1299.97],	5,	4,	-1,	-1
0,	[1612.19, 1302.05],	6,	7,	-1,	-1
0,	[2366.04, 1303.04],	7,	5,	-1,	-1
0,	[2022.96, 1305.01],	1,	0,	-1,	-1
0,	[2313.97, 1306.04],	4,	7,	-1,	-1
0,	[2861.01, 1305],	2,	0,	-1,	-1
0,	[2069, 1307.01],	0,	7,	-1,	-1
0,	[2262.99, 1308],	4,	4,	-1,	-1
0,	[1357.04, 1309.01],	-1,	0,	-1,	-1
0,	[1474.04, 1311.99],	7,	3,	-1,	-1
0,	[2116.93, 1308.02],	7,	4,	-1,	-1
0,	[2164.03, 1309],	4,	3,	-1,	-1
0,	[2213.01, 1308.99],	3,	4,	-1,	-1
0,	[2801.98, 1315.02],	2,	2,	-1,	-1
0,	[1685.04, 1319.01],	2,	1,	-1,	-1
0,	[1382.95, 1323.01],	0,	0,	-1,	-1
0,	[1505.99, 1323.04],	3,	1,	-1,	-1
0,	[1721.04, 1326.97],	1,	7,	-1,	-1
0,	[2742.99, 1324.05],	0,	2,	-1,	-1
0,	[3032.99, 1326.01],	7,	-1,	-1,	-1
0,	[2685.99, 1332.01],	0,	0,	-1,	-1
0,	[1761.02, 1333.05],	7,	4,	-1,	-1
0,	[1536.98, 1334.02],	1,	6,	-1,	-1
0,	[1327.96, 1342],	-1,	0,	-1,	-1
0,	[1801.02, 1339.05],	4,	4,	-1,	-1
0,	[2629.01, 1338.98],	1,	0,	-1,	-1
0,	[2971.99, 1340.97],	6,	7,	-1,	-1
0,	[1571.07, 1344.95],	6,	6,	-1,	-1
0,	[1842.05, 1344.99],	4,	4,	-1,	-1
0,	[2574.01, 1344.97],	5,	1,	-1,	-1
0,	[1884.05, 1350],	4,	2,	-1,	-1
0,	[2519.03, 1349.96],	1,	5,	-1,	-1
0,	[1606.97, 1354.02],	6,	0,	-1,	-1
0,	[1928.01, 1354],	2,	0,	-1,	-1
0,	[2465.03, 1353.98],	7,	1,	-1,	-1
0,	[3147, 1350.97],	0,	-1,	-1,	-1
0,	[1351.03, 1358.97],	0,	0,	-1,	-1
0,	[2911, 1353.98],	7,	6,	-1,	-1
0,	[1971.01, 1357.03],	0,	6,	-1,	-1
0,	[2411.05, 1357.99],	2,	7,	-1,	-1
0,	[2017.05, 1360.04],	6,	1,	-1,	-1
0,	[1641.98, 1363.01],	0,	1,	-1,	-1
0,	[2062.01, 1362.03],	1,	6,	-1,	-1
0,	[2358.02, 1361.02],	7,	2,	-1,	-1
0,	[2110.01, 1363.99],	6,	3,	-1,	-1
0,	[2157.96, 1364.98],	3,	3,	-1,	-1
0,	[2306.97, 1363.05],	6,	7,	-1,	-1
0,	[2206.04, 1365.01],	3,	0,	-1,	-1
0,	[2255.03, 1365],	0,	6,	-1,	-1
0,	[2852.04, 1364.99],	6,	7,	-1,	-1
0,	[1677.03, 1371.98],	1,	2,	-1,	-1
0,	[1377.03, 1373.01],	0,	0,	-1,	-1
0,	[3085.98, 1369.04],	2,	0,	-1,	-1
0,	[2793.98, 1374.97],	6,	6,	-1,	-1
0,	[1716.98, 1379.04],	2,	0,	-1,	-1
0,	[2735.03, 1383.02],	7,	6,	-1,	-1
0,	[1404.04, 1387.01],	0,	3,	-1,	-1
0,	[1754.98, 1386.03],	0,	6,	-1,	-1
0,	[3024.02, 1386],	2,	2,	-1,	-1
0,	[1322.95, 1391],	4,	1,	-1,	-1
0,	[1532.08, 1385.02],	4,	3,	-1,	-1
0,	[2678.98, 1390.96],	6,	7,	-1,	-1
0,	[3200.99, 1389.01],	2,	-1,	-1,	-1
0,	[1795.93, 1392.94],	6,	7,	-1,	-1
0,	[1836.97, 1398.01],	7,	3,	-1,	-1
0,	[2622, 1397],	7,	6,	-1,	-1
0,	[1878.99, 1403.01],	3,	0,	-1,	-1
0,	[2963.99, 1400.03],	6,	2,	-1,	-1
0,	[1600.95, 1405.03],	3,	3,	-1,	-1
0,	[2566.01, 1402.95],	5,	7,	-1,	-1
0,	[1275.47, 1403.01],	3,	1,	-1,	-1
0,	[1346.05, 1406.99],	1,	0,	-1,	-1
0,	[1921.99, 1407.04],	0,	5,	-1,	-1
0,	[2511.98, 1407.01],	7,	5,	-1,	-1
0,	[1966.02, 1411.02],	5,	0,	-1,	-1
0,	[2457.98, 1411.01],	6,	7,	-1,	-1
0,	[1636.03, 1414.97],	3,	3,	-1,	-1
0,	[2011.02, 1414.01],	0,	1,	-1,	-1
0,	[2903.03, 1412.97],	7,	6,	-1,	-1
0,	[3137.1, 1410.83],	5,	2,	-1,	-1
0,	[2057.01, 1416.04],	1,	1,	-1,	-1
0,	[2403.98, 1414.99],	5,	6,	-1,	-1
0,	[2104, 1418.02],	1,	5,	-1,	-1
0,	[2351.98, 1417.97],	7,	5,	-1,	-1
0,	[1373, 1421.98],	0,	1,	-1,	-1
0,	[2151.94, 1419.96],	5,	7,	-1,	-1
0,	[2200.01, 1420.03],	7,	2,	-1,	-1
0,	[2249.94, 1420.03],	2,	7,	-1,	-1
0,	[2299.98, 1419.96],	7,	7,	-1,	-1
0,	[1295.7, 1421.03],	1,	1,	-1,	-1
0,	[1672.97, 1422.99],	3,	7,	-1,	-1
0,	[2845.01, 1423.96],	2,	7,	-1,	-1
0,	[3255, 1423.98],	7,	-1,	-1,	-1
0,	[1711.92, 1430.99],	7,	7,	-1,	-1
0,	[1399.99, 1435.99],	1,	0,	-1,	-1
0,	[1527.95, 1435.03],	7,	0,	-1,	-1
0,	[2786.02, 1432.99],	2,	2,	-1,	-1
0,	[1318.05, 1438.02],	1,	1,	-1,	-1
0,	[1750.03, 1438.03],	5,	7,	-1,	-1
0,	[2728.01, 1441.02],	7,	2,	-1,	-1
0,	[1791.01, 1444.98],	7,	1,	-1,	-1
0,	[1560.04, 1446.01],	0,	6,	-1,	-1
0,	[3017.99, 1444.05],	3,	7,	-1,	-1
0,	[1831.98, 1450.04],	1,	5,	-1,	-1
0,	[2671.98, 1448.02],	6,	7,	-1,	-1
0,	[3192.99, 1448.01],	7,	7,	-1,	-1
0,	[1342.96, 1454.01],	1,	0,	-1,	-1
0,	[1596.09, 1456.03],	6,	3,	-1,	-1
0,	[1873.98, 1455.03],	5,	7,	-1,	-1
0,	[2615.03, 1454.02],	2,	6,	-1,	-1
0,	[3312.17, 1453.42],	4,	-1,	-1,	-1
0,	[1917.05, 1459.99],	7,	5,	-1,	-1
0,	[2560, 1459.04],	2,	2,	-1,	-1
0,	[2956.01, 1458.04],	3,	3,	-1,	-1
0,	[1961.04, 1463.96],	5,	4,	-1,	-1
0,	[2504.99, 1463.97],	3,	2,	-1,	-1
0,	[1459.78, 1461.32],	0,	5,	-1,	-1
0,	[1631.96, 1464.99],	3,	4,	-1,	-1
0,	[1369.04, 1469.02],	0,	1,	-1,	-1
0,	[2006.04, 1467],	7,	5,	-1,	-1
0,	[2450.96, 1467.05],	1,	3,	-1,	-1
0,	[2051.97, 1469.98],	5,	2,	-1,	-1
0,	[1292.97, 1468],	6,	5,	-1,	-1
0,	[2098.96, 1471.98],	2,	6,	-1,	-1
0,	[2397.98, 1470.98],	7,	1,	-1,	-1
0,	[2896.01, 1470.06],	4,	3,	-1,	-1
0,	[3131.98, 1468.95],	6,	7,	-1,	-1
0,	[1669.04, 1473.99],	4,	0,	-1,	-1
0,	[2146.96, 1473.04],	6,	3,	-1,	-1
0,	[2194.95, 1474.04],	3,	2,	-1,	-1
0,	[2345.06, 1473.05],	6,	7,	-1,	-1
0,	[1231.05, 1475.02],	-1,	1,	-1,	-1
0,	[2244.05, 1475.01],	2,	5,	-1,	-1
0,	[2293.97, 1474.96],	5,	6,	-1,	-1
0,	[1492.37, 1473],	5,	5,	-1,	-1
0,	[1396.99, 1483.03],	1,	1,	-1,	-1
0,	[1706.99, 1481.99],	0,	5,	-1,	-1
0,	[2837.02, 1480.98],	1,	4,	-1,	-1
0,	[3069.01, 1486.97],	4,	6,	-1,	-1
0,	[1746.06, 1489.04],	5,	5,	-1,	-1
0,	[2779.99, 1490.04],	1,	1,	-1,	-1
0,	[1291, 1488.52],	0,	5,	-1,	-1
0,	[1425.97, 1497.01],	1,	1,	-1,	-1
0,	[1786.04, 1495.98],	5,	4,	-1,	-1
0,	[1268.63, 1494.69],	5,	0,	-1,	-1
0,	[2722, 1498.01],	7,	1,	-1,	-1
0,	[1827.05, 1501.96],	7,	6,	-1,	-1
0,	[3008.99, 1502],	1,	4,	-1,	-1
0,	[2665.01, 1504.96],	3,	7,	-1,	-1
0,	[1455.94, 1509.03],	1,	3,	-1,	-1
0,	[1869.98, 1506.97],	6,	6,	-1,	-1
0,	[1592.04, 1505.07],	5,	7,	-1,	-1
0,	[2609, 1510.02],	3,	3,	-1,	-1
0,	[3186.01, 1505.96],	0,	-1,	-1,	-1
0,	[1912.99, 1511.96],	7,	2,	-1,	-1
0,	[1628.05, 1514.99],	7,	2,	-1,	-1
0,	[1957.03, 1515.04],	2,	7,	-1,	-1
0,	[2553, 1514.99],	5,	3,	-1,	-1
0,	[2950.99, 1515.02],	6,	1,	-1,	-1
0,	[1486.97, 1521.02],	3,	6,	-1,	-1
0,	[2002.03, 1518.99],	4,	1,	-1,	-1
0,	[2499.02, 1518.98],	5,	5,	-1,	-1
0,	[1229.12, 1518.42],	-1,	6,	-1,	-1
0,	[2046.99, 1521.97],	1,	7,	-1,	-1
0,	[2094.03, 1523.99],	7,	7,	-1,	-1
0,	[2445.99, 1522.97],	2,	5,	-1,	-1
0,	[2141.03, 1525.98],	7,	2,	-1,	-1
0,	[2392, 1525.96],	6,	2,	-1,	-1
0,	[2189.98, 1527.02],	2,	6,	-1,	-1
0,	[2239.02, 1528.01],	6,	0,	-1,	-1
0,	[2289, 1528.01],	0,	1,	-1,	-1
0,	[2339.95, 1527.02],	1,	6,	-1,	-1
0,	[2889.02, 1526.97],	7,	6,	-1,	-1
0,	[3124, 1525.96],	4,	0,	-1,	-1
0,	[1520.92, 1533.01],	6,	2,	-1,	-1
0,	[1742.98, 1538.99],	2,	0,	-1,	-1
0,	[2831.02, 1536.99],	3,	7,	-1,	-1
0,	[1422.02, 1543.02],	1,	6,	-1,	-1
0,	[3240, 1538.99],	0,	-1,	-1,	-1
0,	[3064.01, 1542.96],	6,	7,	-1,	-1
0,	[1337.03, 1545.99],	1,	0,	-1,	-1
0,	[1782.95, 1545.03],	0,	3,	-1,	-1
0,	[2772.98, 1546],	3,	3,	-1,	-1
0,	[1823.99, 1551.03],	3,	7,	-1,	-1
0,	[1589.07, 1554.02],	2,	3,	-1,	-1
0,	[2715.04, 1553.05],	7,	3,	-1,	-1
0,	[1453.99, 1556.05],	6,	0,	-1,	-1
0,	[1866.03, 1556.99],	4,	4,	-1,	-1
0,	[1364.04, 1561.01],	0,	1,	-1,	-1
0,	[2659.02, 1559.97],	6,	6,	-1,	-1
0,	[3002.01, 1558.03],	0,	6,	-1,	-1
0,	[1625.02, 1563.04],	3,	0,	-1,	-1
0,	[1909.04, 1561.98],	7,	5,	-1,	-1
0,	[3178.14, 1562.09],	7,	0,	-1,	-1
0,	[2602.02, 1565.01],	1,	6,	-1,	-1
0,	[1484.04, 1568.97],	0,	4,	-1,	-1
0,	[1953.04, 1566.03],	5,	1,	-1,	-1
0,	[1997.01, 1570],	1,	7,	-1,	-1
0,	[2548.03, 1569.05],	7,	1,	-1,	-1
0,	[1662.02, 1572.01],	0,	5,	-1,	-1
0,	[2942.98, 1571.01],	7,	0,	-1,	-1
0,	[1310.96, 1573.97],	5,	7,	-1,	-1
0,	[2044.01, 1573],	7,	0,	-1,	-1
0,	[2493.99, 1573.01],	6,	7,	-1,	-1
0,	[2089.99, 1575.98],	0,	0,	-1,	-1
0,	[2137.02, 1577.97],	0,	4,	-1,	-1
0,	[2439.97, 1577],	6,	6,	-1,	-1
0,	[2185.03, 1579.04],	7,	2,	-1,	-1
0,	[2234.97, 1580.03],	2,	3,	-1,	-1
0,	[2386.99, 1579.02],	7,	7,	-1,	-1
0,	[1517.1, 1580.05],	7,	6,	-1,	-1
0,	[1700.08, 1580.04],	5,	5,	-1,	-1
0,	[2284.01, 1581.01],	3,	2,	-1,	-1
0,	[2335.03, 1580.05],	2,	6,	-1,	-1
0,	[2885, 1582.04],	6,	7,	-1,	-1
0,	[3118.01, 1580.99],	0,	7,	-1,	-1
0,	[1552.08, 1591.04],	6,	1,	-1,	-1
0,	[2824.98, 1592.05],	7,	6,	-1,	-1
0,	[1779.99, 1594.97],	3,	5,	-1,	-1
0,	[3235.99, 1594.97],	0,	-1,	-1,	-1
0,	[3352.02, 1594.01],	6,	-1,	-1,	-1
0,	[1585.02, 1601.02],	1,	2,	-1,	-1
0,	[3056.99, 1598.02],	7,	0,	-1,	-1
0,	[1287.18, 1599.14],	7,	3,	-1,	-1
0,	[1451.96, 1602.98],	0,	1,	-1,	-1
0,	[1821, 1600.98],	5,	0,	-1,	-1
0,	[2767, 1600.97],	7,	4,	-1,	-1
0,	[1862.94, 1606.02],	0,	7,	-1,	-1
0,	[2710.97, 1607.06],	6,	4,	-1,	-1
0,	[1622.02, 1611],	2,	6,	-1,	-1
0,	[1906.02, 1611.03],	7,	7,	-1,	-1
0,	[1482.96, 1615],	1,	0,	-1,	-1
0,	[2653.03, 1613.96],	5,	6,	-1,	-1
0,	[2997.02, 1612.08],	6,	7,	-1,	-1
0,	[1949.99, 1615.95],	7,	4,	-1,	-1
0,	[1659.98, 1619.99],	6,	2,	-1,	-1
0,	[1994.04, 1619.97],	7,	2,	-1,	-1
0,	[2598.03, 1618.03],	0,	5,	-1,	-1
0,	[3171.99, 1617],	5,	0,	-1,	-1
0,	[1391.01, 1620.97],	7,	3,	-1,	-1
0,	[2040.98, 1623.01],	2,	5,	-1,	-1
0,	[2543.05, 1622.97],	6,	0,	-1,	-1
0,	[1514.99, 1626.97],	0,	2,	-1,	-1
0,	[2086.96, 1626],	5,	2,	-1,	-1
0,	[2936.98, 1625.05],	7,	6,	-1,	-1
0,	[1697.99, 1628.01],	2,	7,	-1,	-1
0,	[2134.05, 1628.03],	2,	5,	-1,	-1
0,	[2488.93, 1626.05],	7,	6,	-1,	-1
0,	[2182.04, 1630.04],	5,	1,	-1,	-1
0,	[2435, 1629.03],	0,	4,	-1,	-1
0,	[2230, 1631.99],	1,	3,	-1,	-1
0,	[2280.02, 1632.05],	3,	7,	-1,	-1
0,	[2331.04, 1632.03],	7,	5,	-1,	-1
0,	[2382.94, 1631.04],	5,	0,	-1,	-1
0,	[1336.01, 1634.01],	2,	0,	-1,	-1
0,	[1737.01, 1635.99],	7,	3,	-1,	-1
0,	[1310.03, 1638],	2,	2,	-1,	-1
0,	[1549.02, 1637.99],	2,	6,	-1,	-1
0,	[2877.02, 1637.01],	1,	7,	-1,	-1
0,	[3113.02, 1635.97],	2,	7,	-1,	-1
0,	[1776.98, 1643],	3,	6,	-1,	-1
0,	[1361.02, 1649.98],	0,	6,	-1,	-1
0,	[2821.02, 1646.05],	2,	1,	-1,	-1
0,	[1450.07, 1648.01],	3,	1,	-1,	-1
0,	[1584.91, 1648.03],	6,	7,	-1,	-1
0,	[1818.96, 1649.96],	6,	2,	-1,	-1
0,	[3229.01, 1648.96],	3,	-1,	-1,	-1
0,	[3347.48, 1647],	4,	-1,	-1,	-1
0,	[3049.99, 1652.96],	5,	2,	-1,	-1
0,	[1860.95, 1655.03],	2,	6,	-1,	-1
0,	[2762, 1654.06],	2,	2,	-1,	-1
0,	[1310.94, 1660.03],	2,	3,	-1,	-1
0,	[1480.96, 1660.97],	1,	2,	-1,	-1
0,	[1620.91, 1658.02],	7,	7,	-1,	-1
0,	[1903.95, 1660.05],	6,	6,	-1,	-1
0,	[2704.01, 1661.01],	1,	2,	-1,	-1
0,	[1947.97, 1665.02],	6,	3,	-1,	-1
0,	[1658.01, 1667.02],	7,	5,	-1,	-1
0,	[2649.03, 1666.96],	7,	1,	-1,	-1
0,	[1991.98, 1669.03],	3,	3,	-1,	-1
0,	[2992.02, 1667],	6,	5,	-1,	-1
0,	[1515.04, 1672.99],	2,	1,	-1,	-1
0,	[2593.98, 1671.04],	6,	6,	-1,	-1
0,	[3167.99, 1670.02],	2,	3,	-1,	-1
0,	[2037.98, 1673],	3,	5,	-1,	-1
0,	[1335.03, 1677.01],	3,	0,	-1,	-1
0,	[2083.95, 1676.02],	5,	2,	-1,	-1
0,	[2538.96, 1675.96],	6,	6,	-1,	-1
0,	[1695.99, 1675.97],	5,	6,	-1,	-1
0,	[1418.91, 1678.98],	2,	7,	-1,	-1
0,	[2131, 1678.98],	2,	3,	-1,	-1
0,	[2484.01, 1679.02],	0,	7,	-1,	-1
0,	[3285.99, 1676.01],	2,	4,	-1,	-1
0,	[1308.49, 1678.76],	3,	3,	-1,	-1
0,	[2178.96, 1680.99],	3,	3,	-1,	-1
0,	[2430.98, 1681.97],	5,	0,	-1,	-1
0,	[2931, 1679.96],	1,	6,	-1,	-1
0,	[1547.99, 1684],	1,	0,	-1,	-1
0,	[1735.02, 1683.97],	6,	6,	-1,	-1
0,	[2227.03, 1682.05],	3,	7,	-1,	-1
0,	[2277.01, 1683.96],	7,	0,	-1,	-1
0,	[2327.02, 1683.98],	0,	0,	-1,	-1
0,	[2378.97, 1683.04],	0,	5,	-1,	-1
0,	[3106.01, 1689.02],	2,	2,	-1,	-1
0,	[1361.03, 1693],	0,	3,	-1,	-1
0,	[1775.06, 1690.99],	6,	7,	-1,	-1
0,	[2874.02, 1690.04],	2,	1,	-1,	-1
0,	[1449.04, 1692.96],	4,	5,	-1,	-1
0,	[1582.99, 1694.96],	0,	5,	-1,	-1
0,	[1816.04, 1697.05],	7,	2,	-1,	-1
0,	[2814, 1700],	0,	2,	-1,	-1
0,	[1311, 1702.97],	5,	1,	-1,	-1
0,	[1859.04, 1703.99],	2,	1,	-1,	-1
0,	[3221.99, 1701.96],	7,	2,	-1,	-1
0,	[1248.09, 1705.88],	-1,	2,	-1,	-1
0,	[1266.98, 1706.02],	2,	3,	-1,	-1
0,	[1619.01, 1704.96],	5,	4,	-1,	-1
0,	[3045, 1705.06],	0,	2,	-1,	-1
0,	[1388.97, 1708.03],	3,	2,	-1,	-1
0,	[2757.02, 1707.04],	0,	0,	-1,	-1
0,	[1900.98, 1709],	1,	7,	-1,	-1
0,	[1945.05, 1713.98],	5,	5,	-1,	-1
0,	[2701.03, 1713.07],	2,	0,	-1,	-1
0,	[1656.06, 1713.96],	7,	4,	-1,	-1
0,	[1335.03, 1719.02],	1,	0,	-1,	-1
0,	[1513.98, 1717.98],	2,	3,	-1,	-1
0,	[1990, 1718.05],	5,	1,	-1,	-1
0,	[2644, 1719.03],	1,	2,	-1,	-1
0,	[2986.01, 1719.96],	3,	0,	-1,	-1
0,	[1419.04, 1723.01],	2,	1,	-1,	-1
0,	[2034.01, 1722.03],	1,	2,	-1,	-1
0,	[1288.91, 1725.03],	3,	1,	-1,	-1
0,	[1694.93, 1722.04],	7,	7,	-1,	-1
0,	[2590.02, 1723.98],	6,	1,	-1,	-1
0,	[2081.01, 1725.97],	2,	6,	-1,	-1
0,	[3160.99, 1723],	5,	7,	-1,	-1
0,	[1267.52, 1725.98],	7,	3,	-1,	-1
0,	[2534.03, 1727.98],	5,	6,	-1,	-1
0,	[1546.98, 1728.99],	3,	7,	-1,	-1
0,	[2128.99, 1728.97],	6,	0,	-1,	-1
0,	[1734.01, 1730.05],	7,	3,	-1,	-1
0,	[2175.97, 1730.97],	0,	7,	-1,	-1
0,	[2481.04, 1730.98],	2,	5,	-1,	-1
0,	[1362.02, 1735.98],	0,	1,	-1,	-1
0,	[2224.95, 1732.97],	7,	3,	-1,	-1
0,	[2274.03, 1733.99],	3,	5,	-1,	-1
0,	[2375.97, 1734.03],	3,	5,	-1,	-1
0,	[2427.02, 1733.04],	5,	2,	-1,	-1
0,	[2927.98, 1732.01],	6,	3,	-1,	-1
0,	[2324, 1734.05],	5,	3,	-1,	-1
0,	[1448.96, 1737.02],	1,	1,	-1,	-1
0,	[1774, 1738.01],	3,	0,	-1,	-1
0,	[1582.07, 1740.02],	7,	3,	-1,	-1
0,	[1311.96, 1743],	1,	0,	-1,	-1
0,	[1814.02, 1744.97],	0,	6,	-1,	-1
0,	[2868.01, 1742.97],	7,	6,	-1,	-1
0,	[3103, 1741.03],	6,	7,	-1,	-1
0,	[1479.95, 1749.02],	1,	6,	-1,	-1
0,	[1389.02, 1751.02],	1,	3,	-1,	-1
0,	[1618.01, 1750.01],	3,	7,	-1,	-1
0,	[1857, 1751.01],	6,	2,	-1,	-1
0,	[2810.04, 1751.99],	7,	7,	-1,	-1
0,	[3218.01, 1752.97],	3,	3,	-1,	-1
0,	[3332.54, 1750.52],	7,	-1,	-1,	-1
0,	[3336, 1750.5],	7,	-1,	-1,	-1
0,	[1900.03, 1756.97],	2,	6,	-1,	-1
0,	[3041, 1757.02],	3,	6,	-1,	-1
0,	[1336.95, 1760.98],	0,	0,	-1,	-1
0,	[1655.96, 1759.04],	7,	6,	-1,	-1
0,	[2753.02, 1759.02],	7,	7,	-1,	-1
0,	[1513.05, 1761.97],	6,	7,	-1,	-1
0,	[1943.02, 1761.97],	5,	6,	-1,	-1
0,	[2696.99, 1765.03],	7,	7,	-1,	-1
0,	[1988.03, 1766.04],	6,	0,	-1,	-1
0,	[1694.04, 1768.05],	6,	5,	-1,	-1
0,	[2033.02, 1770.05],	0,	5,	-1,	-1
0,	[2641.04, 1770.04],	6,	6,	-1,	-1
0,	[2982, 1771.04],	6,	3,	-1,	-1
0,	[1547.03, 1773.05],	7,	4,	-1,	-1
0,	[1362.97, 1776.99],	0,	0,	-1,	-1
0,	[2078.99, 1774.04],	5,	2,	-1,	-1
0,	[2585.98, 1774.99],	3,	6,	-1,	-1
0,	[3156, 1773.06],	4,	3,	-1,	-1
0,	[2127, 1777.04],	2,	1,	-1,	-1
0,	[1313.01, 1782.02],	0,	2,	-1,	-1
0,	[2173, 1780],	1,	2,	-1,	-1
0,	[2531, 1778.97],	0,	3,	-1,	-1
0,	[1449.03, 1779.07],	3,	7,	-1,	-1
0,	[2222.02, 1782.01],	2,	2,	-1,	-1
0,	[2478.01, 1781.05],	2,	0,	-1,	-1
0,	[3273, 1778],	7,	3,	-1,	-1
0,	[1773, 1784.02],	2,	2,	-1,	-1
0,	[2272.02, 1783.04],	2,	5,	-1,	-1
0,	[2321.96, 1784.01],	5,	3,	-1,	-1
0,	[2372.96, 1784.02],	3,	2,	-1,	-1
0,	[2424.98, 1783.04],	2,	2,	-1,	-1
0,	[2921.99, 1783.96],	0,	6,	-1,	-1
0,	[1582.07, 1784.05],	7,	0,	-1,	-1
0,	[1291.5, 1783],	-1,	0,	-1,	-1
0,	[1390.96, 1793.01],	0,	1,	-1,	-1
0,	[1814, 1791.02],	2,	2,	-1,	-1
0,	[1617.96, 1794.04],	0,	6,	-1,	-1
0,	[3097.02, 1791.99],	2,	7,	-1,	-1
0,	[2864, 1794],	0,	0,	-1,	-1
0,	[1856, 1797.96],	2,	6,	-1,	-1
0,	[1339.01, 1801.04],	2,	0,	-1,	-1
0,	[1898.98, 1803.05],	7,	0,	-1,	-1
0,	[2806.04, 1802.97],	7,	0,	-1,	-1
0,	[3214, 1802.01],	2,	7,	-1,	-1
0,	[3330, 1799.99],	0,	-1,	-1,	-1
0,	[1292.91, 1803.97],	-1,	2,	-1,	-1
0,	[1314.51, 1802.98],	2,	2,	-1,	-1
0,	[1513.96, 1805.02],	2,	2,	-1,	-1
0,	[1655.91, 1804.01],	6,	6,	-1,	-1
0,	[1419.01, 1808],	1,	3,	-1,	-1
0,	[1941.99, 1808.97],	0,	7,	-1,	-1
0,	[2749.04, 1810],	7,	7,	-1,	-1
0,	[3036.01, 1807.98],	3,	2,	-1,	-1
0,	[1693.99, 1813.04],	7,	0,	-1,	-1
0,	[1986.03, 1813.96],	7,	6,	-1,	-1
0,	[1363.98, 1817],	7,	2,	-1,	-1
0,	[2693, 1816],	0,	7,	-1,	-1
0,	[1548.05, 1817.01],	2,	1,	-1,	-1
0,	[2031.99, 1817.99],	6,	7,	-1,	-1
0,	[1449.95, 1821.98],	3,	2,	-1,	-1
0,	[1732.03, 1821.97],	0,	4,	-1,	-1
0,	[2077.99, 1822],	7,	1,	-1,	-1
0,	[2637.97, 1820.98],	0,	0,	-1,	-1
0,	[1315.97, 1823],	6,	6,	-1,	-1
0,	[2976.97, 1821.97],	5,	3,	-1,	-1
0,	[3152, 1823.03],	6,	2,	-1,	-1
0,	[2124.97, 1825.97],	1,	1,	-1,	-1
0,	[2583.03, 1824.99],	6,	0,	-1,	-1
0,	[1582.99, 1828.03],	1,	1,	-1,	-1
0,	[2171.97, 1828.01],	1,	0,	-1,	-1
0,	[1772.94, 1829.96],	7,	2,	-1,	-1
0,	[2220.02, 1830.02],	0,	7,	-1,	-1
0,	[2528.02, 1828.96],	3,	6,	-1,	-1
0,	[3269.99, 1826.97],	6,	0,	-1,	-1
0,	[2269.96, 1831.99],	7,	2,	-1,	-1
0,	[2475, 1831.01],	6,	3,	-1,	-1
0,	[2319.98, 1832.98],	2,	6,	-1,	-1
0,	[2370.98, 1833.01],	6,	5,	-1,	-1
0,	[2421.99, 1832.98],	5,	6,	-1,	-1
0,	[1393.01, 1834.03],	6,	0,	-1,	-1
0,	[1482.98, 1835.98],	2,	1,	-1,	-1
0,	[2919.01, 1833.97],	7,	7,	-1,	-1
0,	[1814.04, 1836.99],	2,	1,	-1,	-1
0,	[1618.99, 1838.98],	1,	1,	-1,	-1
0,	[1341.04, 1841.02],	2,	0,	-1,	-1
0,	[1295.89, 1841.09],	-1,	2,	-1,	-1
0,	[1854.99, 1843.03],	1,	0,	-1,	-1
0,	[3091, 1841.05],	1,	6,	-1,	-1
0,	[1317.07, 1841.54],	2,	2,	-1,	-1
0,	[2860.02, 1843.97],	5,	7,	-1,	-1
0,	[1421.01, 1848.98],	0,	5,	-1,	-1
0,	[1514.01, 1848],	1,	0,	-1,	-1
0,	[1655.97, 1848.04],	1,	5,	-1,	-1
0,	[1897.96, 1849.03],	0,	3,	-1,	-1
0,	[3207.01, 1850.95],	7,	6,	-1,	-1
0,	[1366.02, 1856.99],	0,	6,	-1,	-1
0,	[2803.01, 1852.05],	7,	5,	-1,	-1
0,	[1941.97, 1855.01],	3,	0,	-1,	-1
0,	[3033.02, 1857],	7,	1,	-1,	-1
0,	[1548.01, 1859.04],	0,	4,	-1,	-1
0,	[1985, 1860.01],	0,	6,	-1,	-1
0,	[2746.03, 1859.06],	7,	4,	-1,	-1
0,	[1319.04, 1861.97],	-1,	6,	-1,	-1
0,	[1343, 1859.54],	3,	0,	-1,	-1
0,	[1733, 1866.01],	3,	5,	-1,	-1
0,	[2030.97, 1864.99],	6,	6,	-1,	-1
0,	[2690.01, 1865.03],	5,	7,	-1,	-1
0,	[2076.99, 1869],	6,	3,	-1,	-1
0,	[1584, 1871.01],	7,	1,	-1,	-1
0,	[2123.05, 1872.05],	3,	5,	-1,	-1
0,	[2635.01, 1870],	7,	5,	-1,	-1
0,	[2973.03, 1870.98],	7,	7,	-1,	-1
0,	[3148, 1871.01],	7,	7,	-1,	-1
0,	[1394.9, 1873.98],	6,	6,	-1,	-1
0,	[1482.99, 1876.99],	5,	3,	-1,	-1
0,	[1772.96, 1874.02],	5,	6,	-1,	-1
0,	[2170.96, 1875.05],	5,	5,	-1,	-1
0,	[2580.02, 1874],	5,	7,	-1,	-1
0,	[3265.01, 1873.98],	7,	1,	-1,	-1
0,	[1343.92, 1879.03],	3,	7,	-1,	-1
0,	[2219.03, 1877.98],	5,	5,	-1,	-1
0,	[2526.04, 1877.03],	3,	5,	-1,	-1
0,	[2268.05, 1879.05],	5,	5,	-1,	-1
0,	[2473, 1879.97],	2,	3,	-1,	-1
0,	[1299.03, 1879],	0,	7,	-1,	-1
0,	[1618.97, 1881.04],	1,	2,	-1,	-1
0,	[1814, 1881.05],	6,	3,	-1,	-1
0,	[2317.99, 1880.97],	5,	3,	-1,	-1
0,	[2368.98, 1880.99],	3,	7,	-1,	-1
0,	[2419.99, 1880.98],	7,	2,	-1,	-1
0,	[2915, 1882.03],	7,	7,	-1,	-1
0,	[1855.96, 1888.01],	3,	5,	-1,	-1
0,	[1423.91, 1889],	6,	6,	-1,	-1
0,	[1515.03, 1889.97],	3,	7,	-1,	-1
0,	[3088.98, 1889.01],	3,	7,	-1,	-1
0,	[1657.01, 1891.98],	2,	0,	-1,	-1
0,	[2857.01, 1892.03],	5,	7,	-1,	-1
0,	[1369.05, 1896.01],	7,	3,	-1,	-1
0,	[1897.98, 1894.06],	5,	1,	-1,	-1
0,	[1321.96, 1897.06],	3,	-1,	-1,	-1
0,	[1301.32, 1895.66],	2,	3,	-1,	-1
0,	[1694.01, 1900.98],	0,	3,	-1,	-1
0,	[1941, 1900.04],	1,	2,	-1,	-1
0,	[3204.11, 1897.13],	5,	7,	-1,	-1
0,	[1550.03, 1901.05],	7,	3,	-1,	-1
0,	[2800.99, 1900.06],	6,	5,	-1,	-1
0,	[1454.98, 1903.99],	6,	1,	-1,	-1
0,	[1985.98, 1905.98],	2,	2,	-1,	-1
0,	[3029.01, 1904.96],	3,	3,	-1,	-1
0,	[2743.98, 1907.05],	7,	7,	-1,	-1
0,	[1733.95, 1909.98],	3,	3,	-1,	-1
0,	[2030.01, 1910.04],	2,	6,	-1,	-1
0,	[1396.96, 1912.03],	3,	6,	-1,	-1
0,	[1584.99, 1912.97],	3,	5,	-1,	-1
0,	[2687.03, 1913.06],	5,	7,	-1,	-1
0,	[2076, 1914.98],	6,	7,	-1,	-1
0,	[1347.93, 1917.03],	6,	4,	-1,	-1
0,	[1484.96, 1917.02],	1,	7,	-1,	-1
0,	[1773.01, 1917.97],	3,	2,	-1,	-1
0,	[2122.99, 1918.97],	7,	1,	-1,	-1
0,	[2632.98, 1918.02],	7,	5,	-1,	-1
0,	[2969.01, 1918.04],	1,	3,	-1,	-1
0,	[3145.01, 1917.99],	5,	5,	-1,	-1
0,	[2169.01, 1921.98],	1,	5,	-1,	-1
0,	[2578.03, 1921.97],	6,	7,	-1,	-1
0,	[3260.99, 1919.98],	3,	1,	-1,	-1
0,	[1620.99, 1923.06],	5,	5,	-1,	-1
0,	[1814.04, 1925],	2,	6,	-1,	-1
0,	[2218.01, 1924.03],	5,	3,	-1,	-1
0,	[2524.01, 1924.98],	6,	7,	-1,	-1
0,	[2267.01, 1926.01],	3,	7,	-1,	-1
0,	[2316.98, 1927.05],	7,	2,	-1,	-1
0,	[2420, 1927.98],	6,	1,	-1,	-1
0,	[2470.97, 1927],	1,	7,	-1,	-1
0,	[1426.07, 1928.01],	6,	7,	-1,	-1
0,	[2367.97, 1928.01],	2,	6,	-1,	-1
0,	[1372.95, 1933.03],	4,	2,	-1,	-1
0,	[1517.96, 1930.02],	7,	7,	-1,	-1
0,	[2912.01, 1930],	1,	1,	-1,	-1
0,	[1658.01, 1933.97],	7,	3,	-1,	-1
0,	[1855.99, 1932.02],	7,	5,	-1,	-1
0,	[1326.89, 1934.09],	6,	5,	-1,	-1
0,	[1400, 1932],	2,	2,	-1,	-1
0,	[3085.03, 1935.07],	7,	7,	-1,	-1
0,	[1898.01, 1938.95],	5,	5,	-1,	-1
0,	[2856.02, 1939.04],	2,	1,	-1,	-1
0,	[3320.63, 1937.3],	1,	-1,	-1,	-1
0,	[1456.99, 1943],	7,	0,	-1,	-1
0,	[1552.04, 1942.02],	5,	5,	-1,	-1
0,	[1695.03, 1943.01],	3,	5,	-1,	-1
0,	[1941.04, 1944.98],	6,	2,	-1,	-1
0,	[3201.99, 1942.98],	3,	5,	-1,	-1
0,	[2798, 1947.99],	6,	2,	-1,	-1
0,	[1401.05, 1951.01],	6,	3,	-1,	-1
0,	[1735.01, 1952.01],	5,	0,	-1,	-1
0,	[1985.03, 1950.04],	2,	6,	-1,	-1
0,	[3027.01, 1951],	2,	6,	-1,	-1
0,	[1487.01, 1956.98],	0,	2,	-1,	-1
0,	[1587.96, 1954.01],	5,	1,	-1,	-1
0,	[2030.99, 1955.95],	6,	5,	-1,	-1
0,	[2741.04, 1954.98],	6,	6,	-1,	-1
0,	[1774.97, 1960.03],	0,	1,	-1,	-1
0,	[2075.96, 1960.03],	5,	2,	-1,	-1
0,	[2685.99, 1960.97],	2,	6,	-1,	-1
0,	[2122.01, 1964.01],	2,	6,	-1,	-1
0,	[3140.98, 1963.01],	0,	3,	-1,	-1
0,	[1429.97, 1966.03],	3,	0,	-1,	-1
0,	[1622.96, 1964.98],	1,	0,	-1,	-1
0,	[2629.99, 1965.97],	1,	2,	-1,	-1
0,	[2967.03, 1964.97],	6,	2,	-1,	-1
0,	[1814.02, 1968.02],	1,	2,	-1,	-1
0,	[2169.04, 1967.07],	6,	7,	-1,	-1
0,	[3257.01, 1964],	0,	5,	-1,	-1
0,	[2576.03, 1969.02],	1,	1,	-1,	-1
0,	[2217.04, 1970.02],	4,	0,	-1,	-1
0,	[2523.01, 1971.98],	3,	1,	-1,	-1
0,	[2265.99, 1972.03],	0,	6,	-1,	-1
0,	[2316.02, 1973.96],	6,	7,	-1,	-1
0,	[2469.97, 1973.97],	3,	3,	-1,	-1
0,	[1659.02, 1974.99],	0,	3,	-1,	-1
0,	[1856.98, 1975.96],	2,	2,	-1,	-1
0,	[2366.03, 1974.05],	7,	7,	-1,	-1
0,	[2417.97, 1974.05],	6,	3,	-1,	-1
0,	[2909.01, 1976.02],	7,	6,	-1,	-1
0,	[1459.01, 1980.99],	0,	6,	-1,	-1
0,	[1899.03, 1982.02],	2,	2,	-1,	-1
0,	[3083, 1980.99],	2,	0,	-1,	-1
0,	[1554.91, 1982.02],	2,	6,	-1,	-1
0,	[1697.96, 1984.97],	3,	3,	-1,	-1
0,	[3313.49, 1980.52],	5,	-1,	-1,	-1
0,	[1941.98, 1988.05],	2,	6,	-1,	-1
0,	[2852.02, 1985.97],	2,	7,	-1,	-1
0,	[1405.01, 1987.94],	5,	6,	-1,	-1
0,	[3197.01, 1987.01],	0,	0,	-1,	-1
0,	[1589.96, 1993.97],	6,	6,	-1,	-1
0,	[1737.01, 1993.98],	3,	1,	-1,	-1
0,	[1986.06, 1994.03],	6,	5,	-1,	-1
0,	[1492.04, 1995.04],	6,	0,	-1,	-1
0,	[2796.01, 1993.99],	1,	5,	-1,	-1
0,	[3022.01, 1996.96],	7,	2,	-1,	-1
0,	[2030.97, 1999.98],	5,	0,	-1,	-1
0,	[1775.97, 2002.02],	1,	3,	-1,	-1
0,	[2739.99, 2001],	1,	1,	-1,	-1
0,	[1625.95, 2004.97],	5,	5,	-1,	-1
0,	[2075.98, 2004.06],	0,	0,	-1,	-1
0,	[1337.53, 2004.96],	7,	1,	-1,	-1
0,	[1523.96, 2008.01],	0,	7,	-1,	-1
0,	[2684.02, 2006.97],	5,	1,	-1,	-1
0,	[3138.02, 2007.03],	3,	0,	-1,	-1
0,	[1816.99, 2010.03],	3,	0,	-1,	-1
0,	[2121.98, 2008.97],	0,	2,	-1,	-1
0,	[3255, 2006.96],	3,	-1,	-1,	-1
0,	[2629.03, 2011.05],	7,	7,	-1,	-1
0,	[2965, 2009.99],	0,	4,	-1,	-1
0,	[2169.04, 2012.04],	2,	6,	-1,	-1
0,	[2217.99, 2015.05],	5,	1,	-1,	-1
0,	[2575.04, 2014.97],	6,	7,	-1,	-1
0,	[1463.97, 2018.03],	6,	6,	-1,	-1
0,	[1662.04, 2015.04],	5,	5,	-1,	-1
0,	[1858.01, 2017.99],	0,	5,	-1,	-1
0,	[2265.96, 2017.96],	1,	5,	-1,	-1
0,	[2521.98, 2017.05],	2,	6,	-1,	-1
0,	[2315.99, 2019.01],	5,	5,	-1,	-1
0,	[2366.01, 2019.99],	5,	5,	-1,	-1
0,	[2468.96, 2019.05],	7,	2,	-1,	-1
0,	[1557.98, 2020.99],	7,	7,	-1,	-1
0,	[2416.99, 2020.01],	5,	7,	-1,	-1
0,	[2907.03, 2021.02],	3,	0,	-1,	-1
0,	[1361.95, 2023.96],	1,	0,	-1,	-1
0,	[1409.98, 2023.97],	5,	5,	-1,	-1
0,	[1700.01, 2025.02],	5,	2,	-1,	-1
0,	[1900.01, 2025],	5,	2,	-1,	-1
0,	[3078.99, 2025],	0,	3,	-1,	-1
0,	[1943, 2031.05],	2,	2,	-1,	-1
0,	[2849.98, 2030.99],	4,	3,	-1,	-1
0,	[3193.01, 2030.03],	1,	3,	-1,	-1
0,	[1495.93, 2032.94],	6,	6,	-1,	-1
0,	[1739.99, 2034.98],	2,	1,	-1,	-1
0,	[1987, 2037.96],	2,	6,	-1,	-1
0,	[2794.99, 2039.03],	2,	6,	-1,	-1
0,	[1342.89, 2037.57],	-1,	6,	-1,	-1
0,	[1387.96, 2042],	0,	1,	-1,	-1
0,	[3021, 2040.05],	5,	0,	-1,	-1
0,	[1777.99, 2043.02],	1,	7,	-1,	-1
0,	[2031.03, 2043.02],	6,	3,	-1,	-1
0,	[1527.99, 2046.01],	6,	6,	-1,	-1
0,	[2076.95, 2048.01],	3,	7,	-1,	-1
0,	[2738, 2046.01],	2,	2,	-1,	-1
0,	[3136.99, 2049.04],	3,	1,	-1,	-1
0,	[3251.01, 2048.03],	3,	2,	-1,	-1
0,	[1469.03, 2055],	6,	2,	-1,	-1
0,	[1818.93, 2051.95],	7,	7,	-1,	-1
0,	[2122.98, 2052.97],	6,	3,	-1,	-1
0,	[2682.02, 2051.97],	7,	2,	-1,	-1
0,	[2963.02, 2053.05],	7,	7,	-1,	-1
0,	[1414.97, 2058.01],	1,	5,	-1,	-1
0,	[2169.96, 2056.05],	3,	6,	-1,	-1
0,	[2628.01, 2056.04],	3,	7,	-1,	-1
0,	[1368.03, 2057.07],	2,	0,	-1,	-1
0,	[1562.03, 2059.01],	6,	0,	-1,	-1
0,	[1859.99, 2059.07],	7,	7,	-1,	-1
0,	[2218.01, 2059.97],	6,	1,	-1,	-1
0,	[2573.98, 2059.99],	0,	3,	-1,	-1
0,	[2266.01, 2062.02],	1,	5,	-1,	-1
0,	[2520.98, 2062.05],	7,	0,	-1,	-1
0,	[1702.97, 2064.98],	2,	7,	-1,	-1
0,	[2315.02, 2063.98],	5,	3,	-1,	-1
0,	[2365.99, 2064.98],	3,	0,	-1,	-1
0,	[2416, 2064.99],	0,	2,	-1,	-1
0,	[2468.98, 2064.02],	2,	7,	-1,	-1
0,	[2905.98, 2065.01],	5,	7,	-1,	-1
0,	[3308.99, 2061.97],	6,	-1,	-1,	-1
0,	[1499.96, 2068.98],	2,	6,	-1,	-1
0,	[1901.98, 2066.97],	7,	7,	-1,	-1
0,	[3076.98, 2067.02],	7,	3,	-1,	-1
0,	[1596, 2070.99],	0,	3,	-1,	-1
0,	[1393.02, 2074.05],	0,	6,	-1,	-1
0,	[1945, 2073.96],	7,	1,	-1,	-1
0,	[3190.99, 2071],	1,	3,	-1,	-1
0,	[1443.97, 2074.07],	6,	6,	-1,	-1
0,	[1741.05, 2074.05],	7,	5,	-1,	-1
0,	[2850, 2074.95],	6,	5,	-1,	-1
0,	[1988.02, 2079.99],	1,	1,	-1,	-1
0,	[1631.96, 2082.03],	3,	-1,	-1,	-1
0,	[1533.02, 2083.01],	6,	1,	-1,	-1
0,	[2792.03, 2083.01],	6,	6,	-1,	-1
0,	[3019, 2082.96],	3,	7,	-1,	-1
0,	[2031.99, 2085.97],	1,	3,	-1,	-1
0,	[1374.03, 2089.04],	-1,	0,	-1,	-1
0,	[3247.98, 2087.99],	3,	2,	-1,	-1
0,	[1474.03, 2090],	6,	6,	-1,	-1
0,	[1820.99, 2092],	6,	6,	-1,	-1
0,	[2077.95, 2090.99],	3,	5,	-1,	-1
0,	[2736.98, 2089.99],	6,	6,	-1,	-1
0,	[3134.01, 2090.97],	7,	1,	-1,	-1
0,	[1421.97, 2093.03],	2,	1,	-1,	-1
0,	[1668.96, 2093.04],	2,	-1,	-1,	-1
0,	[1564.99, 2095.98],	1,	2,	-1,	-1
0,	[2124.01, 2095.96],	5,	1,	-1,	-1
0,	[2682, 2095.96],	6,	6,	-1,	-1
0,	[2960.99, 2095.99],	7,	3,	-1,	-1
0,	[2170.03, 2099.97],	1,	1,	-1,	-1
0,	[1861.98, 2100.02],	6,	6,	-1,	-1
0,	[2627, 2100.02],	5,	6,	-1,	-1
0,	[2218.01, 2102.98],	1,	5,	-1,	-1
0,	[2573.98, 2103.07],	7,	5,	-1,	-1
0,	[1505.92, 2104.06],	6,	7,	-1,	-1
0,	[2266.02, 2105.05],	5,	0,	-1,	-1
0,	[1601.97, 2108.04],	2,	1,	-1,	-1
0,	[1904.02, 2107.97],	6,	5,	-1,	-1
0,	[2315.98, 2107.02],	0,	0,	-1,	-1
0,	[2520.04, 2106.02],	5,	7,	-1,	-1
0,	[2904.04, 2107.03],	6,	7,	-1,	-1
0,	[1400.01, 2108.01],	0,	0,	-1,	-1
0,	[1448.99, 2108.02],	1,	2,	-1,	-1
0,	[2365.02, 2108.02],	0,	3,	-1,	-1
0,	[2416.98, 2108.97],	3,	0,	-1,	-1
0,	[2468.02, 2107.99],	0,	5,	-1,	-1
0,	[3075, 2108.01],	7,	7,	-1,	-1
0,	[1745.01, 2113.99],	1,	1,	-1,	-1
0,	[3189.01, 2110.04],	5,	3,	-1,	-1
0,	[1946.04, 2114.99],	5,	3,	-1,	-1
0,	[2847.01, 2117.01],	6,	6,	-1,	-1
0,	[1636, 2120],	1,	5,	-1,	-1
0,	[1989.96, 2121.02],	3,	6,	-1,	-1
0,	[1783.01, 2123],	1,	0,	-1,	-1
0,	[1427.03, 2124.97],	0,	2,	-1,	-1
0,	[3016.98, 2123.97],	0,	7,	-1,	-1
0,	[2034.02, 2127.03],	6,	6,	-1,	-1
0,	[2791.01, 2125.06],	0,	7,	-1,	-1
0,	[3246.02, 2125.99],	3,	3,	-1,	-1
0,	[1570.99, 2131.98],	2,	2,	-1,	-1
0,	[1672.05, 2131.02],	5,	7,	-1,	-1
0,	[1823.02, 2131.97],	0,	7,	-1,	-1
0,	[3132.02, 2130.03],	3,	7,	-1,	-1
0,	[2079.01, 2132.97],	7,	7,	-1,	-1
0,	[2735.99, 2132.07],	0,	0,	-1,	-1
0,	[2124.99, 2137.06],	7,	0,	-1,	-1
0,	[2959.01, 2137.01],	1,	0,	-1,	-1
0,	[2681.02, 2138.04],	5,	0,	-1,	-1
0,	[1511, 2138.99],	1,	7,	-1,	-1
0,	[1864.04, 2140.02],	7,	7,	-1,	-1
0,	[2170.99, 2141.06],	0,	2,	-1,	-1
0,	[1457, 2142.03],	2,	1,	-1,	-1
0,	[1606.01, 2144.04],	2,	0,	-1,	-1
0,	[1709.98, 2142],	7,	3,	-1,	-1
0,	[2627.02, 2142.97],	6,	6,	-1,	-1
0,	[2220, 2145.01],	2,	1,	-1,	-1
0,	[2573, 2146.04],	7,	6,	-1,	-1
0,	[1906.04, 2147.99],	6,	3,	-1,	-1
0,	[2266.98, 2147.98],	1,	3,	-1,	-1
0,	[2317, 2149.96],	3,	1,	-1,	-1
0,	[2520.98, 2148.96],	3,	7,	-1,	-1
0,	[2903.97, 2148.96],	7,	1,	-1,	-1
0,	[3072.98, 2148.01],	7,	3,	-1,	-1
0,	[1747.96, 2151.98],	3,	7,	-1,	-1
0,	[2365.98, 2150.97],	1,	3,	-1,	-1
0,	[2416.98, 2151],	3,	6,	-1,	-1
0,	[2468.02, 2150.04],	7,	3,	-1,	-1
0,	[3186.99, 2148.99],	1,	3,	-1,	-1
0,	[1543.02, 2153.01],	7,	6,	-1,	-1
0,	[1640.01, 2156.02],	0,	7,	-1,	-1
0,	[1948.97, 2155.01],	3,	7,	-1,	-1
0,	[1485.97, 2157.04],	1,	5,	-1,	-1
0,	[1434.97, 2157.05],	3,	0,	-1,	-1
0,	[2846.03, 2158.05],	5,	7,	-1,	-1
0,	[1992, 2161.99],	7,	0,	-1,	-1
0,	[1786.97, 2161.06],	7,	7,	-1,	-1
0,	[3016, 2163.05],	1,	7,	-1,	-1
0,	[3246.59, 2162.22],	2,	1,	-1,	-1
0,	[1576.02, 2166.95],	6,	2,	-1,	-1
0,	[2035.02, 2168],	0,	3,	-1,	-1
0,	[2791.02, 2166.99],	5,	5,	-1,	-1
0,	[1676.97, 2167.99],	7,	7,	-1,	-1
0,	[1415.01, 2169],	0,	7,	-1,	-1
0,	[1826.97, 2170.07],	7,	5,	-1,	-1
0,	[3132, 2168.01],	2,	1,	-1,	-1
0,	[1463.02, 2173.98],	0,	3,	-1,	-1
0,	[1516.99, 2172.06],	7,	6,	-1,	-1
0,	[2080.96, 2173.97],	3,	6,	-1,	-1
0,	[2736, 2173.99],	5,	5,	-1,	-1
0,	[2959.01, 2176.99],	4,	1,	-1,	-1
0,	[1610.93, 2179.07],	6,	6,	-1,	-1
0,	[1714.01, 2179.02],	5,	0,	-1,	-1
0,	[1867.97, 2179],	5,	5,	-1,	-1
0,	[2126.03, 2178.05],	6,	6,	-1,	-1
0,	[2681.03, 2180],	5,	5,	-1,	-1
0,	[2173.01, 2182.98],	6,	6,	-1,	-1
0,	[2627, 2184.05],	7,	5,	-1,	-1
0,	[1550, 2187.02],	6,	0,	-1,	-1
0,	[1909.02, 2187.01],	5,	0,	-1,	-1
0,	[2220.02, 2186.05],	6,	6,	-1,	-1
0,	[3071.99, 2186],	3,	2,	-1,	-1
0,	[3185.02, 2185.04],	7,	2,	-1,	-1
0,	[1493.05, 2189.99],	3,	1,	-1,	-1
0,	[1750.99, 2189.01],	0,	2,	-1,	-1
0,	[2268.03, 2189.02],	6,	3,	-1,	-1
0,	[2573.02, 2187.98],	1,	7,	-1,	-1
0,	[2902.01, 2188.96],	0,	4,	-1,	-1
0,	[1442.93, 2187.99],	-1,	4,	-1,	-1
0,	[2318, 2191],	3,	1,	-1,	-1
0,	[2521.01, 2190.02],	0,	1,	-1,	-1
0,	[1645.96, 2191.98],	6,	6,	-1,	-1
0,	[2366.98, 2192.02],	1,	5,	-1,	-1
0,	[2417.96, 2192.06],	5,	5,	-1,	-1
0,	[2469.01, 2191.98],	7,	0,	-1,	-1
0,	[1950.97, 2194.97],	0,	2,	-1,	-1
0,	[1581.01, 2200.96],	0,	2,	-1,	-1
0,	[1790.95, 2199],	2,	6,	-1,	-1
0,	[2845.99, 2198.96],	0,	0,	-1,	-1
0,	[3243.19, 2196.65],	2,	-1,	-1,	-1
0,	[1423.53, 2199],	-1,	5,	-1,	-1
0,	[1994.98, 2201.05],	2,	7,	-1,	-1
0,	[3014.02, 2202],	1,	7,	-1,	-1
0,	[1524.02, 2205],	1,	1,	-1,	-1
0,	[1682.01, 2203.98],	6,	3,	-1,	-1
0,	[1470.97, 2204.06],	0,	7,	-1,	-1
0,	[2038, 2207.98],	7,	2,	-1,	-1
0,	[2790.01, 2207.01],	5,	0,	-1,	-1
0,	[3128.02, 2205.03],	2,	7,	-1,	-1
0,	[1830.03, 2208.03],	6,	6,	-1,	-1
0,	[1615.98, 2213.05],	2,	6,	-1,	-1
0,	[2082.99, 2213.04],	2,	6,	-1,	-1
0,	[1718.99, 2215],	3,	1,	-1,	-1
0,	[2736, 2214.03],	5,	5,	-1,	-1
0,	[2958.99, 2215.05],	3,	1,	-1,	-1
0,	[1871.04, 2217],	6,	0,	-1,	-1
0,	[1555.99, 2219.05],	1,	3,	-1,	-1
0,	[2128.96, 2218.95],	6,	6,	-1,	-1
0,	[1500.94, 2220.96],	-1,	6,	-1,	-1
0,	[2681.01, 2219.99],	0,	5,	-1,	-1
0,	[2175.03, 2223.01],	6,	0,	-1,	-1
0,	[3187, 2220.01],	2,	2,	-1,	-1
0,	[1755.97, 2225.04],	1,	3,	-1,	-1
0,	[1912.02, 2225.02],	0,	1,	-1,	-1
0,	[2627.01, 2224.98],	0,	0,	-1,	-1
0,	[3072.01, 2222.97],	6,	2,	-1,	-1
0,	[1651.02, 2226.05],	6,	6,	-1,	-1
0,	[2221.01, 2226.97],	0,	2,	-1,	-1
0,	[2270, 2229.06],	2,	6,	-1,	-1
0,	[2574.01, 2228],	7,	0,	-1,	-1
0,	[2902.01, 2227.05],	2,	3,	-1,	-1
0,	[2319.02, 2231.06],	6,	5,	-1,	-1
0,	[2521.02, 2230.97],	1,	7,	-1,	-1
0,	[1588.99, 2233.06],	5,	1,	-1,	-1
0,	[1954, 2232.99],	1,	0,	-1,	-1
0,	[2368.01, 2232.97],	5,	3,	-1,	-1
0,	[2418.99, 2233],	3,	7,	-1,	-1
0,	[2470.01, 2232.04],	7,	1,	-1,	-1
0,	[1794.96, 2235.05],	3,	7,	-1,	-1
0,	[1531.93, 2236.07],	6,	-1,	-1,	-1
0,	[2845.03, 2237.06],	3,	2,	-1,	-1
0,	[1687.02, 2238.05],	7,	0,	-1,	-1
0,	[1997, 2240],	0,	4,	-1,	-1
0,	[3013.01, 2239],	1,	6,	-1,	-1
0,	[3127.1, 2240.85],	1,	2,	-1,	-1
0,	[1834.98, 2245.02],	7,	1,	-1,	-1
0,	[1621.03, 2246.98],	1,	3,	-1,	-1
0,	[2041, 2246.04],	7,	7,	-1,	-1
0,	[2791, 2245.99],	2,	3,	-1,	-1
0,	[1459.69, 2245.35],	-1,	1,	-1,	-1
0,	[1508.98, 2251.02],	6,	0,	-1,	-1
0,	[1723.98, 2249.99],	0,	1,	-1,	-1
0,	[1874, 2254],	1,	3,	-1,	-1
0,	[2085.99, 2252.05],	7,	1,	-1,	-1
0,	[2736, 2253.02],	2,	2,	-1,	-1
0,	[2958.01, 2252.96],	5,	1,	-1,	-1
0,	[2130.97, 2257.98],	1,	3,	-1,	-1
0,	[3184.89, 2253.87],	3,	-1,	-1,	-1
0,	[1657, 2259.97],	3,	1,	-1,	-1
0,	[2681.02, 2259],	3,	2,	-1,	-1
0,	[3071.02, 2258.03],	1,	1,	-1,	-1
0,	[1761.02, 2260.99],	1,	1,	-1,	-1
0,	[1916.97, 2262.04],	3,	1,	-1,	-1
0,	[2177.97, 2262],	3,	5,	-1,	-1
0,	[1487.05, 2263.02],	1,	0,	-1,	-1
0,	[1538.05, 2265.99],	0,	-1,	-1,	-1
0,	[2628.02, 2263.96],	2,	3,	-1,	-1
0,	[2224, 2266],	5,	3,	-1,	-1
0,	[2575, 2267.04],	3,	2,	-1,	-1
0,	[2902.98, 2264.97],	2,	5,	-1,	-1
0,	[2272, 2268.97],	3,	3,	-1,	-1
0,	[1798.99, 2271.01],	1,	5,	-1,	-1
0,	[1957.02, 2270.02],	1,	5,	-1,	-1
0,	[2321.02, 2270.96],	3,	1,	-1,	-1
0,	[2471.04, 2271.06],	6,	1,	-1,	-1
0,	[2522.01, 2270],	1,	3,	-1,	-1
0,	[1693.01, 2272.02],	5,	1,	-1,	-1
0,	[2369.01, 2271.99],	1,	2,	-1,	-1
0,	[2420.03, 2272.04],	2,	6,	-1,	-1
0,	[2845.01, 2275],	3,	2,	-1,	-1
0,	[3014.01, 2274.05],	1,	1,	-1,	-1
0,	[1628.02, 2278.97],	-1,	2,	-1,	-1
0,	[2001.02, 2277.04],	5,	1,	-1,	-1
0,	[3127.01, 2274.05],	3,	3,	-1,	-1
0,	[1516.92, 2279.06],	0,	3,	-1,	-1
0,	[1839, 2280.98],	6,	2,	-1,	-1
0,	[1729, 2284],	1,	5,	-1,	-1
0,	[2044.97, 2284.03],	1,	5,	-1,	-1
0,	[2790.01, 2283.96],	5,	3,	-1,	-1
0,	[2959.99, 2288.04],	6,	1,	-1,	-1
0,	[3184.32, 2285.34],	1,	-1,	-1,	-1
0,	[1879.97, 2290.01],	2,	3,	-1,	-1
0,	[2088.97, 2290],	5,	2,	-1,	-1
0,	[2736.99, 2290.99],	5,	5,	-1,	-1
0,	[1664, 2292.04],	6,	0,	-1,	-1
0,	[3071.98, 2292.01],	2,	3,	-1,	-1
0,	[1766.99, 2295.01],	5,	0,	-1,	-1
0,	[2133.99, 2295.04],	2,	6,	-1,	-1
0,	[1547.88, 2296.05],	3,	-1,	-1,	-1
0,	[2683, 2296.98],	3,	5,	-1,	-1
0,	[1920.03, 2298.04],	3,	5,	-1,	-1
0,	[2180.05, 2299.99],	6,	5,	-1,	-1
0,	[2629.03, 2301.05],	2,	3,	-1,	-1
0,	[2901.99, 2300.99],	2,	6,	-1,	-1
0,	[1698.97, 2305],	0,	1,	-1,	-1
0,	[1803.98, 2305.03],	0,	6,	-1,	-1
0,	[2227.01, 2303.99],	5,	1,	-1,	-1
0,	[2575.98, 2305.02],	5,	2,	-1,	-1
0,	[1961.97, 2306.07],	5,	5,	-1,	-1
0,	[2273.98, 2306.97],	1,	2,	-1,	-1
0,	[3127.01, 2306.02],	0,	1,	-1,	-1
0,	[2323.01, 2308.06],	2,	6,	-1,	-1
0,	[2524.98, 2308.01],	5,	5,	-1,	-1
0,	[3013.01, 2309],	6,	2,	-1,	-1
0,	[1525, 2306.52],	3,	-1,	-1,	-1
0,	[1578.01, 2310.98],	-1,	2,	-1,	-1
0,	[1636.04, 2309.99],	-1,	1,	-1,	-1
0,	[2372.02, 2309.97],	6,	7,	-1,	-1
0,	[2421.97, 2310.07],	7,	6,	-1,	-1
0,	[2473.03, 2309.97],	6,	5,	-1,	-1
0,	[2845.99, 2311.03],	3,	2,	-1,	-1
0,	[1843.98, 2315.06],	6,	6,	-1,	-1
0,	[2004.96, 2313.99],	7,	7,	-1,	-1
0,	[1735, 2316.98],	1,	1,	-1,	-1
0,	[2047.97, 2320.98],	7,	1,	-1,	-1
0,	[2791, 2320.02],	7,	3,	-1,	-1
0,	[1883.96, 2324.97],	7,	7,	-1,	-1
0,	[2957.01, 2323.02],	7,	7,	-1,	-1
0,	[1555.98, 2324],	7,	3,	-1,	-1
0,	[2092, 2326.98],	3,	6,	-1,	-1
0,	[3070.02, 2324.99],	2,	0,	-1,	-1
0,	[1771.02, 2328.01],	1,	6,	-1,	-1
0,	[2737.01, 2327.95],	7,	7,	-1,	-1
0,	[2137.97, 2332.03],	6,	5,	-1,	-1
0,	[1705.96, 2336.97],	3,	1,	-1,	-1
0,	[1925.02, 2333.98],	5,	1,	-1,	-1
0,	[2683.03, 2333.04],	6,	7,	-1,	-1
0,	[2182.98, 2336.98],	5,	2,	-1,	-1
0,	[2903.01, 2335.95],	2,	7,	-1,	-1
0,	[1643.95, 2340.01],	-1,	6,	-1,	-1
0,	[1810.99, 2339],	6,	1,	-1,	-1
0,	[2630.03, 2338.03],	6,	6,	-1,	-1
0,	[3127.17, 2335.67],	1,	-1,	-1,	-1
0,	[2230.02, 2340.96],	2,	0,	-1,	-1
0,	[1586.96, 2339.08],	-1,	2,	-1,	-1
0,	[1965.97, 2341.97],	1,	7,	-1,	-1
0,	[2277.01, 2343.04],	0,	7,	-1,	-1
0,	[2577.99, 2342],	6,	6,	-1,	-1
0,	[3015.01, 2341.02],	2,	2,	-1,	-1
0,	[2525.97, 2344.99],	1,	6,	-1,	-1
0,	[2325.01, 2345.06],	7,	2,	-1,	-1
0,	[2375.98, 2346.99],	2,	5,	-1,	-1
0,	[2475.01, 2346.99],	1,	1,	-1,	-1
0,	[2846.01, 2346.06],	6,	2,	-1,	-1
0,	[1848.98, 2349.03],	1,	0,	-1,	-1
0,	[2008.03, 2349.03],	7,	3,	-1,	-1
0,	[2424.99, 2347.96],	5,	1,	-1,	-1
0,	[1741.03, 2349],	5,	5,	-1,	-1
0,	[1564.96, 2350.74],	-1,	3,	-1,	-1
0,	[1677.94, 2354.06],	7,	3,	-1,	-1
0,	[2792.98, 2355.04],	6,	3,	-1,	-1
0,	[1618.95, 2355.03],	-1,	0,	-1,	-1
0,	[2051.99, 2356.03],	1,	0,	-1,	-1
0,	[2957.01, 2356.05],	0,	2,	-1,	-1
0,	[3070.86, 2355.74],	7,	1,	-1,	-1
0,	[1888.02, 2358.97],	0,	3,	-1,	-1
0,	[1778, 2360.07],	5,	6,	-1,	-1
0,	[2095.98, 2362.05],	0,	0,	-1,	-1
0,	[2738.99, 2362.96],	6,	6,	-1,	-1
0,	[1712.98, 2367.96],	3,	1,	-1,	-1
0,	[1929, 2367.05],	3,	7,	-1,	-1
0,	[1595.93, 2366.77],	-1,	6,	-1,	-1
0,	[1651.03, 2369.02],	0,	1,	-1,	-1
0,	[2140.97, 2367.96],	0,	7,	-1,	-1
0,	[2684.99, 2368.97],	3,	6,	-1,	-1
0,	[2902.01, 2369.01],	1,	0,	-1,	-1
0,	[1816.02, 2371.98],	6,	2,	-1,	-1
0,	[2187, 2372.03],	5,	5,	-1,	-1
0,	[3015.02, 2372.06],	3,	-1,	-1,	-1
0,	[2632.97, 2373.98],	2,	3,	-1,	-1
0,	[1970.98, 2375.97],	5,	5,	-1,	-1
0,	[2233, 2375.98],	5,	6,	-1,	-1
0,	[1746.99, 2379.98],	1,	2,	-1,	-1
0,	[2281.03, 2378.97],	6,	5,	-1,	-1
0,	[2579.02, 2377.96],	7,	2,	-1,	-1
0,	[1855.02, 2381.99],	2,	3,	-1,	-1
0,	[2328.02, 2381.01],	5,	1,	-1,	-1
0,	[2528.01, 2380.06],	6,	7,	-1,	-1
0,	[2849.98, 2379.98],	2,	1,	-1,	-1
0,	[1684.03, 2382.99],	1,	3,	-1,	-1
0,	[2013.04, 2383.06],	5,	5,	-1,	-1
0,	[2377.01, 2382.06],	1,	3,	-1,	-1
0,	[2426.02, 2383.01],	3,	2,	-1,	-1
0,	[2477.02, 2382.06],	2,	6,	-1,	-1
0,	[1627.01, 2382.04],	-1,	3,	-1,	-1
0,	[3072, 2384.53],	5,	-1,	-1,	-1
0,	[2793.01, 2388.99],	6,	2,	-1,	-1
0,	[2959.99, 2387.97],	2,	3,	-1,	-1
0,	[1784.99, 2391.99],	2,	2,	-1,	-1
0,	[2057, 2390.02],	5,	1,	-1,	-1
0,	[1894.02, 2391.97],	5,	2,	-1,	-1
0,	[1719.95, 2397],	3,	7,	-1,	-1
0,	[2100.02, 2396.97],	1,	3,	-1,	-1
0,	[2739.99, 2396.05],	6,	7,	-1,	-1
0,	[1659.95, 2397.05],	3,	6,	-1,	-1
0,	[1934.99, 2400.97],	2,	2,	-1,	-1
0,	[2903.02, 2401.01],	3,	2,	-1,	-1
0,	[1822, 2402.96],	2,	3,	-1,	-1
0,	[2145.97, 2401.99],	5,	1,	-1,	-1
0,	[2687, 2402.95],	2,	6,	-1,	-1
0,	[2190.02, 2406.04],	1,	7,	-1,	-1
0,	[1976, 2408.99],	2,	6,	-1,	-1
0,	[2633, 2407.98],	1,	2,	-1,	-1
0,	[1636.04, 2409],	7,	7,	-1,	-1
0,	[1755.03, 2409.98],	7,	3,	-1,	-1
0,	[2236.98, 2409.98],	7,	6,	-1,	-1
0,	[1693.96, 2412.01],	2,	7,	-1,	-1
0,	[1861.01, 2413.03],	7,	5,	-1,	-1
0,	[2284.97, 2413],	6,	3,	-1,	-1
0,	[2582.01, 2411.96],	0,	1,	-1,	-1
0,	[2848.98, 2412.02],	2,	3,	-1,	-1
0,	[2332.98, 2415.02],	3,	1,	-1,	-1
0,	[2531.02, 2414.04],	2,	0,	-1,	-1
0,	[2018.01, 2416.07],	6,	6,	-1,	-1
0,	[2379.99, 2416.98],	1,	0,	-1,	-1
0,	[2479.98, 2416.06],	2,	2,	-1,	-1
0,	[2429.01, 2417.04],	0,	2,	-1,	-1
0,	[2962, 2417.96],	2,	1,	-1,	-1
0,	[1791.01, 2421.96],	3,	2,	-1,	-1
0,	[2795, 2421.96],	1,	2,	-1,	-1
0,	[1727, 2425.02],	7,	2,	-1,	-1
0,	[1900.03, 2423],	1,	2,	-1,	-1
0,	[2062.01, 2423.97],	6,	1,	-1,	-1
0,	[1668.94, 2424.08],	7,	0,	-1,	-1
0,	[2105.01, 2429.98],	1,	5,	-1,	-1
0,	[2742, 2429.02],	5,	3,	-1,	-1
0,	[1829.98, 2433.03],	2,	0,	-1,	-1
0,	[1940.03, 2432.05],	7,	3,	-1,	-1
0,	[2904.02, 2431.07],	3,	2,	-1,	-1
0,	[2149.03, 2435.01],	5,	6,	-1,	-1
0,	[3017.99, 2430.98],	0,	-1,	-1,	-1
0,	[1763.99, 2438.96],	2,	1,	-1,	-1
0,	[2689, 2435.06],	2,	7,	-1,	-1
0,	[1701.02, 2438.98],	0,	2,	-1,	-1
0,	[1982.02, 2440.99],	3,	1,	-1,	-1
0,	[2195.01, 2439.05],	6,	6,	-1,	-1
0,	[2636.99, 2440.04],	3,	2,	-1,	-1
0,	[1866.98, 2443.96],	0,	2,	-1,	-1
0,	[2241.97, 2443.04],	6,	3,	-1,	-1
0,	[2585.99, 2444.94],	2,	3,	-1,	-1
0,	[2850.99, 2442.99],	1,	3,	-1,	-1
0,	[2288.02, 2446.03],	3,	0,	-1,	-1
0,	[2963.01, 2446.03],	2,	0,	-1,	-1
0,	[2023.01, 2448.97],	1,	7,	-1,	-1
0,	[2335.99, 2448.96],	0,	0,	-1,	-1
0,	[2533.02, 2447.05],	3,	2,	-1,	-1
0,	[1736.01, 2452.98],	2,	3,	-1,	-1
0,	[1799.02, 2450.03],	1,	5,	-1,	-1
0,	[2384.01, 2450.02],	0,	1,	-1,	-1
0,	[2432.01, 2450.06],	1,	1,	-1,	-1
0,	[2482.02, 2449.06],	1,	3,	-1,	-1
0,	[1677.74, 2449.75],	7,	0,	-1,	-1
0,	[1907.02, 2453.05],	6,	5,	-1,	-1
0,	[2066.98, 2455.05],	7,	1,	-1,	-1
0,	[2797.98, 2452.05],	0,	1,	-1,	-1
0,	[3019.01, 2456.53],	2,	-1,	-1,	-1
0,	[2743.99, 2460.06],	3,	0,	-1,	-1
0,	[2907.99, 2459.99],	6,	2,	-1,	-1
0,	[1837, 2461.99],	5,	1,	-1,	-1
0,	[1947.03, 2463],	5,	1,	-1,	-1
0,	[2109.99, 2461.96],	1,	2,	-1,	-1
0,	[1771.96, 2466],	3,	0,	-1,	-1
0,	[1710.95, 2464.98],	0,	2,	-1,	-1
0,	[2155, 2466.99],	2,	0,	-1,	-1
0,	[2690.99, 2466.99],	5,	0,	-1,	-1
0,	[1986.01, 2471.04],	1,	2,	-1,	-1
0,	[1875.01, 2472.95],	1,	5,	-1,	-1
0,	[2199.01, 2471.05],	0,	7,	-1,	-1
0,	[2639.02, 2471.97],	3,	7,	-1,	-1
0,	[2852.98, 2472.02],	3,	2,	-1,	-1
0,	[2964.01, 2473.03],	2,	2,	-1,	-1
0,	[2245.98, 2475.04],	6,	6,	-1,	-1
0,	[2588.01, 2475.06],	2,	3,	-1,	-1
0,	[1807, 2477.98],	0,	1,	-1,	-1
0,	[2030, 2479.03],	2,	3,	-1,	-1
0,	[2293.97, 2478.04],	6,	1,	-1,	-1
0,	[2535.99, 2479],	1,	2,	-1,	-1
0,	[1745.03, 2478.97],	-1,	1,	-1,	-1
0,	[2339.01, 2480.06],	1,	6,	-1,	-1
0,	[2487, 2481.01],	5,	1,	-1,	-1
0,	[1913.97, 2482.96],	1,	1,	-1,	-1
0,	[2389, 2481.98],	6,	1,	-1,	-1
0,	[2437.01, 2482.02],	1,	5,	-1,	-1
0,	[2799.01, 2481.98],	3,	3,	-1,	-1
0,	[2072.01, 2486.01],	3,	1,	-1,	-1
0,	[2909, 2487.05],	0,	2,	-1,	-1
0,	[1844.98, 2489.06],	1,	5,	-1,	-1
0,	[2746.01, 2490],	3,	3,	-1,	-1
0,	[1779, 2491.04],	1,	6,	-1,	-1
0,	[1953.99, 2492],	3,	0,	-1,	-1
0,	[2115.99, 2492.04],	1,	5,	-1,	-1
0,	[2693.99, 2496.97],	3,	3,	-1,	-1
0,	[2159.99, 2497.97],	5,	3,	-1,	-1
0,	[1882.96, 2500.03],	5,	7,	-1,	-1
0,	[1993.98, 2500.04],	0,	2,	-1,	-1
0,	[2855.99, 2499.06],	0,	0,	-1,	-1
0,	[2205, 2502.04],	7,	5,	-1,	-1
0,	[2643, 2502.02],	2,	3,	-1,	-1
0,	[1816.04, 2504.01],	-1,	5,	-1,	-1
0,	[2251.01, 2506],	5,	5,	-1,	-1
0,	[2591.01, 2506.02],	2,	2,	-1,	-1
0,	[2035.99, 2508.03],	2,	2,	-1,	-1
0,	[2297.99, 2508.98],	5,	1,	-1,	-1
0,	[2539.98, 2508.99],	0,	2,	-1,	-1
0,	[1921.02, 2510.01],	7,	0,	-1,	-1
0,	[2802.01, 2509.96],	3,	0,	-1,	-1
0,	[2343.99, 2511.03],	1,	6,	-1,	-1
0,	[2393, 2512.02],	6,	1,	-1,	-1
0,	[2441.99, 2512.03],	1,	5,	-1,	-1
0,	[2490.01, 2511.02],	5,	0,	-1,	-1
0,	[2913.22, 2512.41],	3,	2,	-1,	-1
0,	[1730.65, 2511.35],	-1,	7,	-1,	-1
0,	[2078.98, 2515.03],	2,	6,	-1,	-1
0,	[1851.98, 2515.04],	5,	2,	-1,	-1
0,	[1788.97, 2516.01],	3,	6,	-1,	-1
0,	[2749.98, 2518.03],	3,	3,	-1,	-1
0,	[1960, 2519.06],	0,	6,	-1,	-1
0,	[2121.98, 2521.96],	5,	7,	-1,	-1
0,	[2970.49, 2520],	-1,	2,	-1,	-1
0,	[1890.03, 2526.05],	6,	6,	-1,	-1
0,	[2696.99, 2525.03],	0,	3,	-1,	-1
0,	[2858.01, 2525.01],	1,	3,	-1,	-1
0,	[1764.11, 2525.87],	3,	2,	-1,	-1
0,	[2001.99, 2528.03],	2,	-1,	-1,	-1
0,	[2165.97, 2527],	7,	7,	-1,	-1
0,	[1824.99, 2528.11],	2,	2,	-1,	-1
0,	[2210.02, 2531.97],	7,	1,	-1,	-1
0,	[2645.98, 2531],	0,	0,	-1,	-1
0,	[2596, 2534.97],	2,	0,	-1,	-1
0,	[1930.02, 2536.97],	2,	1,	-1,	-1
0,	[2042, 2536.02],	4,	2,	-1,	-1
0,	[2255.99, 2535.06],	0,	7,	-1,	-1
0,	[2806.01, 2535.95],	3,	1,	-1,	-1
0,	[2302.99, 2538.02],	5,	1,	-1,	-1
0,	[2544.98, 2537.97],	2,	6,	-1,	-1
0,	[2349.01, 2540.04],	1,	2,	-1,	-1
0,	[2495, 2540],	2,	2,	-1,	-1
0,	[1799, 2539.06],	2,	2,	-1,	-1
0,	[1861.97, 2540.08],	2,	7,	-1,	-1
0,	[2085, 2543.02],	2,	2,	-1,	-1
0,	[2397.99, 2541.05],	2,	6,	-1,	-1
0,	[2444.99, 2541.04],	5,	2,	-1,	-1
0,	[1968, 2545.96],	1,	6,	-1,	-1
0,	[2752.99, 2544.95],	3,	3,	-1,	-1
0,	[2128, 2549.97],	2,	2,	-1,	-1
0,	[2862.02, 2548.53],	1,	7,	-1,	-1
0,	[1834.98, 2552.01],	2,	2,	-1,	-1
0,	[1899.03, 2551.02],	-1,	3,	-1,	-1
0,	[2700.99, 2552.04],	1,	3,	-1,	-1
0,	[2009.04, 2554.95],	6,	5,	-1,	-1
0,	[2172.98, 2555.04],	6,	3,	-1,	-1
0,	[2650.98, 2557.95],	3,	1,	-1,	-1
0,	[2215.01, 2559.99],	3,	3,	-1,	-1
0,	[2810.01, 2559.97],	7,	1,	-1,	-1
0,	[1938.97, 2561.96],	7,	1,	-1,	-1
0,	[2598.99, 2562.05],	1,	3,	-1,	-1
0,	[1870.98, 2563.09],	2,	7,	-1,	-1
0,	[2049.99, 2562.95],	-1,	2,	-1,	-1
0,	[2262.99, 2563.95],	3,	1,	-1,	-1
0,	[2308.01, 2566.04],	1,	5,	-1,	-1
0,	[2550.01, 2565.02],	6,	1,	-1,	-1
0,	[2353.99, 2567.99],	5,	3,	-1,	-1
0,	[2402.03, 2568.98],	3,	2,	-1,	-1
0,	[2451, 2568.96],	2,	2,	-1,	-1
0,	[2499.01, 2567.07],	5,	6,	-1,	-1
0,	[1976.03, 2570.95],	1,	2,	-1,	-1
0,	[2092.02, 2569.98],	2,	3,	-1,	-1
0,	[2756.02, 2569.06],	7,	7,	-1,	-1
0,	[1844.28, 2573.03],	6,	7,	-1,	-1
0,	[1908.97, 2574.1],	7,	1,	-1,	-1
0,	[2134.98, 2576.02],	3,	7,	-1,	-1
0,	[2704.01, 2577.03],	1,	7,	-1,	-1
0,	[2017.99, 2579.96],	2,	5,	-1,	-1
0,	[2178.98, 2581.96],	7,	-1,	-1,	-1
0,	[2654.02, 2583.02],	7,	1,	-1,	-1
0,	[2814.89, 2582.15],	2,	1,	-1,	-1
0,	[2222.02, 2586.03],	-1,	3,	-1,	-1
0,	[1880, 2585],	3,	6,	-1,	-1
0,	[1882.44, 2585.52],	-1,	6,	-1,	-1
0,	[1947.76, 2584.62],	1,	1,	-1,	-1
0,	[2057.99, 2587.98],	-1,	6,	-1,	-1
0,	[2603.99, 2587.96],	3,	7,	-1,	-1
0,	[2267.99, 2590],	3,	6,	-1,	-1
0,	[2314.01, 2592.08],	6,	2,	-1,	-1
0,	[2553.02, 2591.01],	-1,	3,	-1,	-1
0,	[2761, 2592.94],	2,	2,	-1,	-1
0,	[2361, 2594.04],	5,	5,	-1,	-1
0,	[2456.99, 2594.94],	2,	2,	-1,	-1
0,	[2504, 2593.05],	7,	7,	-1,	-1
0,	[1985.94, 2594.1],	1,	-1,	-1,	-1
0,	[2100.99, 2595.03],	2,	1,	-1,	-1
0,	[2407.02, 2595],	5,	2,	-1,	-1
0,	[1919.02, 2596.97],	6,	7,	-1,	-1
0,	[2709.21, 2600.41],	1,	2,	-1,	-1
0,	[2142.99, 2601.05],	1,	1,	-1,	-1
0,	[2025.97, 2603.05],	1,	6,	-1,	-1
0,	[1957, 2606.52],	7,	5,	-1,	-1
0,	[2185.97, 2606.98],	1,	-1,	-1,	-1
0,	[2659, 2607.02],	7,	1,	-1,	-1
0,	[2067.96, 2611.98],	-1,	1,	-1,	-1
0,	[2229.99, 2611.04],	-1,	3,	-1,	-1
0,	[2608.99, 2612.02],	3,	7,	-1,	-1
0,	[2275, 2614.98],	3,	2,	-1,	-1
0,	[2559.99, 2615.04],	6,	3,	-1,	-1
0,	[2767.62, 2612.74],	2,	2,	-1,	-1
0,	[1996.02, 2616.92],	3,	-1,	-1,	-1
0,	[2108, 2618.96],	1,	0,	-1,	-1
0,	[2319.99, 2617.06],	2,	2,	-1,	-1
0,	[2510.02, 2617.95],	6,	-1,	-1,	-1
0,	[2367.01, 2618.99],	2,	5,	-1,	-1
0,	[2413.99, 2619.94],	5,	3,	-1,	-1
0,	[2461.98, 2619.01],	3,	3,	-1,	-1
0,	[2713.53, 2621.59],	7,	2,	-1,	-1
0,	[2034.96, 2625.07],	-1,	5,	-1,	-1
0,	[2150, 2624.99],	0,	0,	-1,	-1
0,	[1966.5, 2627],	3,	7,	-1,	-1
0,	[2193.03, 2630.07],	4,	5,	-1,	-1
0,	[2664.01, 2629.93],	7,	7,	-1,	-1
0,	[2075.01, 2633.08],	-1,	-1,	-1,	-1
0,	[2236.99, 2634.99],	5,	7,	-1,	-1
0,	[2614.01, 2634.97],	6,	7,	-1,	-1
0,	[2282.01, 2638.05],	3,	0,	-1,	-1
0,	[2005.52, 2636.91],	-1,	7,	-1,	-1
0,	[2564.01, 2638.05],	5,	6,	-1,	-1
0,	[2116.01, 2640.05],	3,	2,	-1,	-1
0,	[2327.01, 2641],	7,	3,	-1,	-1
0,	[2374.01, 2642.95],	3,	5,	-1,	-1
0,	[2467.99, 2642.05],	1,	3,	-1,	-1
0,	[2517, 2640.95],	7,	-1,	-1,	-1
0,	[2420.98, 2643.03],	5,	1,	-1,	-1
0,	[2158.99, 2646.99],	2,	3,	-1,	-1
0,	[1977.02, 2647],	-1,	7,	-1,	-1
0,	[2201.02, 2652.05],	3,	6,	-1,	-1
0,	[2670.2, 2649.41],	6,	1,	-1,	-1
0,	[2084.98, 2654.01],	7,	2,	-1,	-1
0,	[2245, 2656.97],	6,	2,	-1,	-1
0,	[2619.02, 2655.07],	0,	6,	-1,	-1
0,	[2290.02, 2660.05],	2,	7,	-1,	-1
0,	[2571, 2659.02],	7,	0,	-1,	-1
0,	[2125.92, 2660.55],	3,	6,	-1,	-1
0,	[2335.01, 2662.99],	7,	1,	-1,	-1
0,	[2522.12, 2661.86],	7,	7,	-1,	-1
0,	[2380.01, 2664.94],	1,	6,	-1,	-1
0,	[2427.99, 2664.97],	6,	0,	-1,	-1
0,	[2475, 2663.96],	0,	3,	-1,	-1
0,	[2167.01, 2667.08],	2,	-1,	-1,	-1
0,	[2210.96, 2673],	3,	7,	-1,	-1
0,	[2094.98, 2673.07],	6,	6,	-1,	-1
0,	[2253.01, 2677.04],	7,	2,	-1,	-1
0,	[2578, 2677.95],	7,	3,	-1,	-1
0,	[2135.01, 2680.03],	6,	-1,	-1,	-1
0,	[2298.01, 2680.92],	2,	7,	-1,	-1
0,	[2342.01, 2683.07],	5,	0,	-1,	-1
0,	[2530.1, 2680.86],	7,	7,	-1,	-1
0,	[2388.02, 2684.95],	0,	7,	-1,	-1
0,	[2434.01, 2684.92],	7,	2,	-1,	-1
0,	[2482.01, 2682.99],	2,	0,	-1,	-1
0,	[2176.43, 2686.22],	7,	7,	-1,	-1
0,	[2220.09, 2691.83],	3,	7,	-1,	-1
0,	[2262.91, 2696.05],	7,	7,	-1,	-1
0,	[2270.55, 2712.5],	-1,	3,	-1,	-1
0,	[2273, 2713],	-1,	3,	-1,	-1
1,	[2050.78, 790.443],	-1,	-1,	-1,	4
1,	[1832, 837.53],	-1,	-1,	-1,	4
1,	[2424, 839.985],	-1,	-1,	-1,	2
1,	[2372, 842],	-1,	-1,	-1,	2
1,	[1908.97, 848.019],	-1,	-1,	-1,	6
1,	[2320.99, 846.288],	-1,	-1,	-1,	4
1,	[2372, 845.703],	-1,	-1,	-1,	2
1,	[1991, 854.988],	-1,	-1,	-1,	4
1,	[2321.33, 851.299],	-1,	-1,	-1,	4
1,	[2034.86, 856.862],	-1,	-1,	-1,	3
1,	[2172.4, 857.18],	-1,	-1,	-1,	0
1,	[2080, 857.968],	-1,	-1,	-1,	0
1,	[2124.88, 857.996],	-1,	-1,	-1,	0
1,	[2516.69, 893.881],	-1,	-1,	-1,	0
1,	[1778.16, 895.099],	-1,	-1,	-1,	6
1,	[2462.03, 900.975],	-1,	-1,	-1,	3
1,	[1815.6, 900.798],	-1,	-1,	-1,	7
1,	[2409.98, 905.655],	-1,	-1,	-1,	1
1,	[1893.97, 911.01],	-1,	-1,	-1,	0
1,	[2357.95, 910.022],	-1,	-1,	2,	7
1,	[1854.48, 908.442],	-1,	-1,	-1,	6
1,	[2306.03, 913.991],	-1,	-1,	4,	0
1,	[1935.18, 913.699],	-1,	-1,	-1,	7
1,	[1977, 916.998],	-1,	-1,	0,	2
1,	[2255.98, 917.025],	-1,	-1,	2,	1
1,	[2784.97, 917.017],	-1,	-1,	-1,	2
1,	[2020.04, 919.983],	-1,	-1,	7,	7
1,	[2065, 920.982],	-1,	-1,	0,	3
1,	[2111, 921.978],	-1,	-1,	0,	0
1,	[2158, 921.028],	-1,	-1,	0,	4
1,	[2206.14, 920.118],	-1,	-1,	0,	1
1,	[2612.83, 945.689],	-1,	-1,	-1,	7
1,	[1764.02, 956.02],	-1,	-1,	7,	0
1,	[2557.97, 952.994],	-1,	-1,	-1,	7
1,	[2502.97, 960.016],	-1,	-1,	0,	4
1,	[1801.98, 961.995],	-1,	-1,	2,	7
1,	[1840.04, 968.001],	-1,	-1,	2,	3
1,	[2449, 965.993],	-1,	-1,	3,	1
1,	[2396.04, 969.987],	-1,	-1,	1,	0
1,	[1880.04, 972.009],	-1,	-1,	0,	2
1,	[2344.01, 974.981],	-1,	-1,	7,	0
1,	[1921.97, 976.029],	-1,	-1,	7,	1
1,	[1964, 979.02],	-1,	-1,	2,	2
1,	[2292.99, 978.018],	-1,	-1,	-1,	1
1,	[2007.95, 981.969],	-1,	-1,	7,	4
1,	[2052.05, 983.006],	-1,	-1,	3,	3
1,	[2242.97, 980.972],	-1,	-1,	1,	4
1,	[1613.75, 982.741],	-1,	-1,	-1,	4
1,	[2098.03, 983.993],	-1,	-1,	0,	0
1,	[2145.02, 983.024],	-1,	-1,	4,	2
1,	[2193.04, 982.969],	-1,	-1,	1,	6
1,	[2771.02, 984.034],	-1,	-1,	-1,	2
1,	[1679.53, 1000.02],	-1,	-1,	-1,	6
1,	[2656.95, 1002.99],	-1,	-1,	-1,	0
1,	[1512.73, 1007.03],	-1,	-1,	-1,	1
1,	[1714.99, 1008.99],	-1,	-1,	-1,	4
1,	[2600, 1011.02],	-1,	-1,	7,	6
1,	[1751.96, 1015.01],	-1,	-1,	0,	4
1,	[2544.96, 1018.98],	-1,	-1,	7,	1
1,	[1789.04, 1022],	-1,	-1,	7,	4
1,	[2490.02, 1023.98],	-1,	-1,	0,	2
1,	[1828.02, 1027.97],	-1,	-1,	3,	0
1,	[2437.01, 1028.97],	-1,	-1,	1,	2
1,	[1871.98, 1030.97],	-1,	-1,	6,	0
1,	[1570, 1031.01],	-1,	-1,	7,	5
1,	[2383.99, 1033.99],	-1,	-1,	0,	4
1,	[1909.97, 1035.99],	-1,	-1,	1,	6
1,	[1952, 1039.99],	-1,	-1,	2,	6
1,	[2332.02, 1037.03],	-1,	-1,	0,	5
1,	[1601, 1040.99],	-1,	-1,	-1,	4
1,	[1995.99, 1042],	-1,	-1,	4,	7
1,	[2280.97, 1040.98],	-1,	-1,	1,	4
1,	[2040.95, 1044.01],	-1,	-1,	3,	3
1,	[2086.94, 1044.98],	-1,	-1,	0,	2
1,	[2133.01, 1045.99],	-1,	-1,	2,	0
1,	[2230.03, 1043],	-1,	-1,	4,	6
1,	[2816.9, 1038.85],	-1,	-1,	2,	6
1,	[2181.01, 1045.02],	-1,	-1,	6,	0
1,	[1634.01, 1049.99],	-1,	-1,	-1,	6
1,	[2759, 1050.99],	-1,	-1,	2,	1
1,	[1667.97, 1060],	-1,	-1,	-1,	5
1,	[2701.01, 1059.02],	-1,	-1,	0,	7
1,	[1703.96, 1066.02],	-1,	-1,	-1,	4
1,	[2644.02, 1068.04],	-1,	-1,	0,	0
1,	[2985.21, 1064.39],	-1,	-1,	-1,	2
1,	[1740.06, 1073.99],	-1,	-1,	0,	7
1,	[2588.96, 1075.98],	-1,	-1,	3,	1
1,	[1528, 1074],	-1,	-1,	1,	4
1,	[1778.04, 1080],	-1,	-1,	4,	3
1,	[1528, 1076.5],	-1,	-1,	1,	4
1,	[2533.03, 1081],	-1,	-1,	1,	6
1,	[2924.98, 1078.98],	-1,	-1,	-1,	0
1,	[1817.04, 1086.03],	-1,	-1,	0,	5
1,	[2479, 1087.01],	-1,	-1,	2,	0
1,	[1558.32, 1086.86],	-1,	-1,	-1,	6
1,	[2425.05, 1091.99],	-1,	-1,	2,	7
1,	[1858.54, 1091.02],	-1,	-1,	0,	3
1,	[1902.95, 1092],	-1,	-1,	6,	0
1,	[2865.01, 1092.98],	-1,	-1,	-1,	4
1,	[2372.97, 1095.02],	-1,	-1,	0,	2
1,	[1434.5, 1094.01],	-1,	-1,	-1,	7
1,	[1590.02, 1098],	-1,	-1,	-1,	1
1,	[1941.94, 1099],	-1,	-1,	6,	2
1,	[2320.99, 1099.03],	-1,	-1,	5,	5
1,	[1985.01, 1101.97],	-1,	-1,	7,	6
1,	[2030, 1103.97],	-1,	-1,	3,	6
1,	[2269.94, 1102],	-1,	-1,	4,	0
1,	[1623.04, 1107.01],	-1,	-1,	-1,	0
1,	[2075.98, 1105.03],	-1,	-1,	2,	7
1,	[2122.97, 1105.03],	-1,	-1,	0,	7
1,	[2170.95, 1105.02],	-1,	-1,	0,	4
1,	[2219.04, 1104.97],	-1,	-1,	6,	7
1,	[2806, 1104.01],	-1,	-1,	6,	4
1,	[1460.97, 1106.65],	-1,	-1,	-1,	7
1,	[2747.99, 1113.02],	-1,	-1,	1,	0
1,	[1658.02, 1115.02],	-1,	-1,	0,	7
1,	[1488.04, 1120],	-1,	-1,	0,	4
1,	[1377, 1118.01],	-1,	-1,	-1,	2
1,	[1693.95, 1123],	-1,	-1,	0,	3
1,	[2690.01, 1123],	-1,	-1,	7,	2
1,	[1517.06, 1132.01],	-1,	-1,	0,	0
1,	[1730.93, 1130.99],	-1,	-1,	7,	7
1,	[2633.03, 1131.01],	-1,	-1,	0,	1
1,	[2974.01, 1130.03],	-1,	-1,	2,	0
1,	[1399.28, 1134.14],	-1,	-1,	-1,	0
1,	[1768.93, 1137.02],	-1,	-1,	3,	6
1,	[2577.96, 1137],	-1,	-1,	1,	2
1,	[1548.03, 1143.02],	-1,	-1,	6,	0
1,	[1808, 1143.03],	-1,	-1,	-1,	5
1,	[2522.95, 1143.97],	-1,	-1,	6,	0
1,	[2914, 1144.03],	-1,	-1,	0,	4
1,	[1424, 1148.01],	-1,	-1,	-1,	2
1,	[1847.99, 1149.02],	-1,	-1,	-1,	1
1,	[2468.96, 1148.01],	-1,	-1,	0,	7
1,	[1889.04, 1153.03],	-1,	-1,	0,	4
1,	[1580.05, 1153],	-1,	-1,	1,	0
1,	[2415, 1153.01],	-1,	-1,	7,	0
1,	[1931.99, 1157.99],	-1,	-1,	2,	1
1,	[2362.04, 1156.99],	-1,	-1,	2,	0
1,	[2854.03, 1156.02],	-1,	-1,	4,	0
1,	[1975.96, 1160.99],	-1,	-1,	6,	1
1,	[2310.94, 1159.98],	-1,	-1,	5,	2
1,	[1613.98, 1163.01],	-1,	-1,	0,	1
1,	[2020.95, 1163],	-1,	-1,	6,	5
1,	[2259.04, 1163.97],	-1,	-1,	0,	5
1,	[1450.07, 1162.01],	-1,	-1,	0,	0
1,	[2066.04, 1164.01],	-1,	-1,	4,	5
1,	[2113.01, 1164.98],	-1,	-1,	7,	7
1,	[2160.98, 1165],	-1,	-1,	4,	4
1,	[2209.97, 1164.04],	-1,	-1,	7,	5
1,	[2795.04, 1167.01],	-1,	-1,	4,	0
1,	[1648.93, 1170.99],	-1,	-1,	4,	6
1,	[1366.23, 1172.82],	-1,	-1,	2,	7
1,	[1478.93, 1174],	-1,	-1,	0,	6
1,	[2737.02, 1177.01],	-1,	-1,	0,	4
1,	[1684.04, 1179.98],	-1,	-1,	3,	2
1,	[1508.06, 1186.02],	-1,	-1,	0,	2
1,	[1721.03, 1187],	-1,	-1,	7,	2
1,	[2680, 1185.04],	-1,	-1,	2,	0
1,	[1389.01, 1187.97],	-1,	-1,	0,	-1
1,	[2623.99, 1192.04],	-1,	-1,	1,	1
1,	[1759.05, 1195],	-1,	-1,	6,	1
1,	[1539.03, 1197.02],	-1,	-1,	0,	0
1,	[2964, 1194.99],	-1,	-1,	0,	1
1,	[2567.98, 1199],	-1,	-1,	2,	7
1,	[1414.05, 1202.99],	-1,	-1,	2,	-1
1,	[1799, 1199.97],	-1,	-1,	5,	2
1,	[1839.05, 1204.99],	-1,	-1,	1,	6
1,	[2513, 1204.02],	-1,	-1,	0,	4
1,	[1335.47, 1208.01],	-1,	-1,	6,	-1
1,	[1571.96, 1207.01],	-1,	-1,	0,	0
1,	[2903.97, 1206.98],	-1,	-1,	4,	2
1,	[1880.98, 1210],	-1,	-1,	4,	4
1,	[2458.99, 1208.99],	-1,	-1,	5,	7
1,	[1923.98, 1213.98],	-1,	-1,	1,	3
1,	[2405.97, 1213.03],	-1,	-1,	0,	5
1,	[1441.94, 1215],	-1,	-1,	0,	2
1,	[1605.94, 1216.99],	-1,	-1,	1,	0
1,	[1967.04, 1216.98],	-1,	-1,	1,	2
1,	[2352.98, 1216.97],	-1,	-1,	0,	7
1,	[2844.03, 1218.97],	-1,	-1,	0,	2
1,	[2012.02, 1219.97],	-1,	-1,	5,	7
1,	[2300.98, 1220.98],	-1,	-1,	3,	5
1,	[2057.98, 1221.01],	-1,	-1,	1,	0
1,	[2104.03, 1223],	-1,	-1,	7,	4
1,	[2250.03, 1221.98],	-1,	-1,	5,	6
1,	[2152.02, 1223.03],	-1,	-1,	4,	1
1,	[2200.98, 1222.99],	-1,	-1,	5,	0
1,	[1470.01, 1227.99],	-1,	-1,	6,	6
1,	[1640.04, 1226.03],	-1,	-1,	6,	7
1,	[1357, 1224.98],	-1,	-1,	4,	5
1,	[2785.97, 1229],	-1,	-1,	0,	2
1,	[1676.03, 1234.98],	-1,	-1,	2,	6
1,	[1500, 1239.98],	-1,	-1,	2,	7
1,	[2727.97, 1237.98],	-1,	-1,	4,	2
1,	[1380.05, 1240.01],	-1,	-1,	4,	4
1,	[1713.93, 1241.99],	-1,	-1,	7,	6
1,	[3014.4, 1240.85],	-1,	-1,	1,	1
1,	[2670.98, 1246.05],	-1,	-1,	0,	1
1,	[1751.98, 1248.02],	-1,	-1,	1,	2
1,	[1285.8, 1246.9],	-1,	-1,	-1,	6
1,	[1531.05, 1250.98],	-1,	-1,	0,	4
1,	[1791, 1255.99],	-1,	-1,	2,	2
1,	[2614.05, 1253.01],	-1,	-1,	1,	5
1,	[1406.05, 1254.03],	-1,	-1,	4,	5
1,	[2954.03, 1255.99],	-1,	-1,	1,	0
1,	[1564.02, 1261.03],	-1,	-1,	0,	0
1,	[2558.97, 1259],	-1,	-1,	5,	0
1,	[1831.92, 1261.02],	-1,	-1,	6,	0
1,	[1328, 1259],	-1,	-1,	-1,	5
1,	[2503.98, 1264],	-1,	-1,	4,	4
1,	[1433.94, 1267.99],	-1,	-1,	2,	4
1,	[1873.04, 1266],	-1,	-1,	4,	1
1,	[1598.02, 1270.02],	-1,	-1,	0,	6
1,	[1915.97, 1270.01],	-1,	-1,	3,	4
1,	[2449.99, 1268.99],	-1,	-1,	5,	4
1,	[2894, 1269.98],	-1,	-1,	2,	0
1,	[1959.04, 1273.99],	-1,	-1,	2,	7
1,	[2396.99, 1272.03],	-1,	-1,	5,	5
1,	[2344.01, 1276],	-1,	-1,	7,	7
1,	[2004.01, 1276.98],	-1,	-1,	7,	1
1,	[2049.99, 1278.97],	-1,	-1,	0,	0
1,	[2096.92, 1279.02],	-1,	-1,	4,	7
1,	[2292.94, 1278.02],	-1,	-1,	5,	4
1,	[1462.96, 1280.02],	-1,	-1,	6,	3
1,	[1633.02, 1280.01],	-1,	-1,	7,	7
1,	[2144.02, 1280.03],	-1,	-1,	1,	4
1,	[2192.94, 1280.02],	-1,	-1,	0,	3
1,	[2241.97, 1280.03],	-1,	-1,	6,	7
1,	[2835.02, 1280.01],	-1,	-1,	2,	2
1,	[1669.02, 1288.02],	-1,	-1,	6,	2
1,	[1373, 1291.01],	-1,	-1,	-1,	0
1,	[2776.97, 1290.01],	-1,	-1,	2,	2
1,	[1493.01, 1291.99],	-1,	-1,	7,	3
1,	[1706.04, 1297.01],	-1,	-1,	6,	1
1,	[2719, 1299],	-1,	-1,	2,	0
1,	[1242.8, 1302.9],	-1,	-1,	-1,	7
1,	[1524.93, 1303.02],	-1,	-1,	7,	1
1,	[1744.96, 1303.03],	-1,	-1,	2,	7
1,	[3006, 1302.99],	-1,	-1,	1,	7
1,	[1399.05, 1305.02],	-1,	-1,	-1,	0
1,	[2662, 1305.98],	-1,	-1,	1,	0
1,	[1784.03, 1309.98],	-1,	-1,	5,	4
1,	[2606, 1312.03],	-1,	-1,	5,	1
1,	[1557.95, 1312.99],	-1,	-1,	2,	6
1,	[1824.95, 1315.03],	-1,	-1,	0,	4
1,	[1427, 1319],	-1,	-1,	7,	1
1,	[2550.04, 1318.03],	-1,	-1,	0,	5
1,	[2945.03, 1316.99],	-1,	-1,	0,	6
1,	[1866.05, 1320.02],	-1,	-1,	1,	4
1,	[1591.94, 1323.02],	-1,	-1,	6,	6
1,	[1342.01, 1325.99],	-1,	-1,	-1,	0
1,	[1909.01, 1324.97],	-1,	-1,	4,	2
1,	[2495.99, 1323],	-1,	-1,	4,	1
1,	[2441.98, 1326.98],	-1,	-1,	4,	7
1,	[1456.04, 1331],	-1,	-1,	7,	-1
1,	[1952.95, 1328.99],	-1,	-1,	7,	0
1,	[1997.03, 1331.01],	-1,	-1,	1,	6
1,	[2388.97, 1330.01],	-1,	-1,	5,	2
1,	[2885.98, 1329.97],	-1,	-1,	0,	7
1,	[1626.98, 1332.01],	-1,	-1,	7,	0
1,	[3119.98, 1329.98],	-1,	-1,	-1,	0
1,	[2042.99, 1334.02],	-1,	-1,	0,	1
1,	[2336.02, 1334],	-1,	-1,	7,	7
1,	[2089.05, 1335.96],	-1,	-1,	7,	6
1,	[2137.01, 1336.03],	-1,	-1,	4,	3
1,	[2185.03, 1337],	-1,	-1,	3,	3
1,	[2284.94, 1335.98],	-1,	-1,	7,	6
1,	[1366.97, 1341],	-1,	-1,	0,	0
1,	[2234.05, 1337],	-1,	-1,	4,	0
1,	[1486.96, 1342.98],	-1,	-1,	3,	2
1,	[1662.97, 1342.01],	-1,	-1,	2,	1
1,	[2826.99, 1340.03],	-1,	-1,	2,	6
1,	[1700.02, 1348.97],	-1,	-1,	1,	2
1,	[1235.11, 1350],	-1,	-1,	-1,	2
1,	[2768.05, 1349.99],	-1,	-1,	2,	6
1,	[1518.95, 1354.01],	-1,	-1,	1,	7
1,	[3058.97, 1346.97],	-1,	-1,	-1,	2
1,	[1393.03, 1355.98],	-1,	-1,	0,	0
1,	[1313.03, 1358.99],	-1,	-1,	-1,	4
1,	[1738.05, 1357],	-1,	-1,	7,	0
1,	[2710.98, 1357.98],	-1,	-1,	0,	7
1,	[1777.99, 1363],	-1,	-1,	7,	6
1,	[2653.98, 1364.98],	-1,	-1,	0,	6
1,	[2997.04, 1363.01],	-1,	-1,	7,	2
1,	[1551.05, 1365.97],	-1,	-1,	6,	7
1,	[1818.95, 1368.99],	-1,	-1,	4,	4
1,	[1421.96, 1368.02],	-1,	-1,	1,	3
1,	[2598.02, 1370.96],	-1,	-1,	1,	7
1,	[1336.95, 1375],	-1,	-1,	0,	1
1,	[1585.95, 1375.02],	-1,	-1,	6,	3
1,	[1860.06, 1374],	-1,	-1,	4,	3
1,	[3173.13, 1369.13],	-1,	-1,	-1,	2
1,	[1268, 1370.47],	-1,	-1,	-1,	3
1,	[2542.97, 1376],	-1,	-1,	5,	5
1,	[1903, 1379.01],	-1,	-1,	2,	0
1,	[2937.02, 1377.02],	-1,	-1,	6,	6
1,	[2488.03, 1380.95],	-1,	-1,	1,	7
1,	[1450.97, 1382.01],	-1,	-1,	7,	1
1,	[1620.99, 1384.01],	-1,	-1,	0,	3
1,	[1946.97, 1382.99],	-1,	-1,	0,	5
1,	[2434.04, 1384.96],	-1,	-1,	7,	6
1,	[1991.02, 1386.03],	-1,	-1,	6,	0
1,	[1361.96, 1389.99],	-1,	-1,	0,	0
1,	[2036.99, 1388.03],	-1,	-1,	1,	1
1,	[2328.99, 1390.97],	-1,	-1,	7,	7
1,	[2381.01, 1388.99],	-1,	-1,	2,	5
1,	[2878, 1388.99],	-1,	-1,	7,	7
1,	[1481.04, 1394.01],	-1,	-1,	2,	4
1,	[1657.06, 1392.98],	-1,	-1,	1,	3
1,	[2083.02, 1391.01],	-1,	-1,	6,	1
1,	[2130.96, 1392.01],	-1,	-1,	3,	5
1,	[2178.97, 1392.97],	-1,	-1,	3,	7
1,	[2227.98, 1392.97],	-1,	-1,	0,	2
1,	[2277.97, 1392.03],	-1,	-1,	6,	7
1,	[3111.99, 1391],	-1,	-1,	0,	5
1,	[1287.39, 1389.19],	-1,	-1,	-1,	1
1,	[1694.94, 1401.03],	-1,	-1,	2,	7
1,	[2818.99, 1399.01],	-1,	-1,	6,	2
1,	[1388.04, 1405],	-1,	-1,	0,	1
1,	[1513.94, 1404.03],	-1,	-1,	4,	7
1,	[1308.96, 1406.01],	-1,	-1,	7,	1
1,	[1733, 1409],	-1,	-1,	0,	5
1,	[2760.98, 1408.02],	-1,	-1,	6,	2
1,	[3050.98, 1409],	-1,	-1,	2,	7
1,	[3227.8, 1406.61],	-1,	-1,	-1,	3
1,	[1546.94, 1415.02],	-1,	-1,	4,	0
1,	[1772.96, 1415.04],	-1,	-1,	6,	7
1,	[1416.95, 1418],	-1,	-1,	3,	0
1,	[2703.96, 1415.99],	-1,	-1,	7,	7
1,	[1262.77, 1416.23],	-1,	-1,	3,	7
1,	[1332.03, 1422.99],	-1,	-1,	1,	1
1,	[1813.05, 1421.99],	-1,	-1,	7,	1
1,	[2646.96, 1422.98],	-1,	-1,	6,	6
1,	[1580.95, 1425.97],	-1,	-1,	3,	6
1,	[2989.99, 1423.01],	-1,	-1,	2,	3
1,	[1855.01, 1427.03],	-1,	-1,	3,	5
1,	[2590.97, 1428.02],	-1,	-1,	7,	2
1,	[1897.98, 1431.01],	-1,	-1,	0,	7
1,	[3165.03, 1430.02],	-1,	-1,	2,	7
1,	[1446.04, 1430.98],	-1,	-1,	1,	0
1,	[1616.02, 1435.02],	-1,	-1,	3,	3
1,	[2535.98, 1432.96],	-1,	-1,	5,	2
1,	[1357.05, 1438],	-1,	-1,	0,	0
1,	[1941.95, 1435.97],	-1,	-1,	5,	5
1,	[2929.99, 1436.01],	-1,	-1,	6,	3
1,	[1283.02, 1434.99],	-1,	-1,	1,	2
1,	[1985.98, 1439.01],	-1,	-1,	0,	4
1,	[2481.04, 1437.02],	-1,	-1,	7,	3
1,	[1225.94, 1443.99],	-1,	-1,	6,	-1
1,	[1477.02, 1443.01],	-1,	-1,	3,	5
1,	[2031.95, 1441.99],	-1,	-1,	1,	5
1,	[2077.98, 1443.96],	-1,	-1,	1,	2
1,	[2427.04, 1441.99],	-1,	-1,	6,	1
1,	[1652.92, 1444.02],	-1,	-1,	3,	7
1,	[2374.95, 1444.01],	-1,	-1,	5,	7
1,	[1260.53, 1440.49],	-1,	-1,	4,	4
1,	[2125.01, 1445.02],	-1,	-1,	5,	6
1,	[2173, 1447],	-1,	-1,	7,	3
1,	[2322.02, 1446.96],	-1,	-1,	7,	6
1,	[2221.98, 1447.97],	-1,	-1,	2,	2
1,	[2271.94, 1448],	-1,	-1,	7,	5
1,	[2870.97, 1447.02],	-1,	-1,	7,	7
1,	[1305.01, 1453.01],	-1,	-1,	1,	1
1,	[1384.94, 1452.99],	-1,	-1,	1,	1
1,	[1689.99, 1452.99],	-1,	-1,	7,	0
1,	[3103.98, 1447.99],	-1,	-1,	5,	6
1,	[1509, 1455],	-1,	-1,	3,	5
1,	[2812, 1458.01],	-1,	-1,	2,	1
1,	[1728.95, 1460.02],	-1,	-1,	5,	5
1,	[1259.92, 1462.03],	-1,	-1,	-1,	1
1,	[1240.88, 1465.51],	-1,	-1,	-1,	0
1,	[1412.97, 1466.03],	-1,	-1,	0,	1
1,	[1542.02, 1465],	-1,	-1,	0,	2
1,	[1329.02, 1469.03],	-1,	-1,	1,	-1
1,	[1768, 1467.04],	-1,	-1,	7,	5
1,	[2753.97, 1466.04],	-1,	-1,	2,	1
1,	[3043.03, 1465.97],	-1,	-1,	5,	7
1,	[1809, 1473],	-1,	-1,	1,	7
1,	[2696.95, 1473.03],	-1,	-1,	7,	7
1,	[1576.03, 1476.97],	-1,	-1,	6,	5
1,	[1850.96, 1478.01],	-1,	-1,	5,	6
1,	[1442.04, 1479.99],	-1,	-1,	7,	1
1,	[2640.01, 1479.05],	-1,	-1,	6,	3
1,	[1279.96, 1481.98],	-1,	-1,	1,	0
1,	[1354.04, 1484.99],	-1,	-1,	0,	-1
1,	[1893.06, 1483.04],	-1,	-1,	7,	7
1,	[2983, 1481],	-1,	-1,	3,	1
1,	[1611.99, 1485.01],	-1,	-1,	3,	7
1,	[2584.02, 1485],	-1,	-1,	2,	3
1,	[1936.98, 1487.02],	-1,	-1,	5,	2
1,	[1239.2, 1485.1],	-1,	-1,	0,	2
1,	[2529.02, 1490],	-1,	-1,	2,	5
1,	[3158.99, 1487.98],	-1,	-1,	7,	0
1,	[1473.06, 1491.02],	-1,	-1,	5,	3
1,	[1981.05, 1491.03],	-1,	-1,	7,	7
1,	[2922.99, 1492.97],	-1,	-1,	3,	6
1,	[1648.07, 1494],	-1,	-1,	7,	2
1,	[2026.99, 1494.02],	-1,	-1,	5,	1
1,	[2475, 1493.98],	-1,	-1,	3,	5
1,	[1302.04, 1498.02],	-1,	-1,	1,	1
1,	[2073, 1496.99],	-1,	-1,	2,	7
1,	[2421.04, 1496.01],	-1,	-1,	1,	2
1,	[1381.06, 1499.02],	-1,	-1,	1,	-1
1,	[2368.05, 1499.02],	-1,	-1,	7,	6
1,	[2120, 1499.01],	-1,	-1,	6,	7
1,	[2168, 1500.02],	-1,	-1,	3,	2
1,	[2216.96, 1501.03],	-1,	-1,	2,	6
1,	[1685.98, 1503],	-1,	-1,	0,	2
1,	[2266.02, 1501.03],	-1,	-1,	5,	0
1,	[2316.98, 1501.03],	-1,	-1,	6,	1
1,	[1505.06, 1502.98],	-1,	-1,	5,	6
1,	[2864, 1503.98],	-1,	-1,	7,	7
1,	[1237.99, 1509.01],	-1,	-1,	6,	2
1,	[1257.82, 1507.07],	-1,	-1,	3,	2
1,	[3097.02, 1506.99],	-1,	-1,	6,	4
1,	[1724.96, 1510],	-1,	-1,	5,	2
1,	[1409.98, 1513.03],	-1,	-1,	1,	1
1,	[1538.04, 1514.03],	-1,	-1,	2,	2
1,	[2805.02, 1513.02],	-1,	-1,	1,	3
1,	[1326.93, 1515],	-1,	-1,	1,	1
1,	[1764.03, 1517.02],	-1,	-1,	5,	0
1,	[2747.03, 1521.04],	-1,	-1,	1,	3
1,	[1277.94, 1525],	-1,	-1,	0,	-1
1,	[1573.01, 1524.03],	-1,	-1,	5,	2
1,	[1805.02, 1523.04],	-1,	-1,	7,	3
1,	[3036, 1522.02],	-1,	-1,	7,	6
1,	[1439.06, 1525.99],	-1,	-1,	1,	6
1,	[3213.14, 1522.12],	-1,	-1,	-1,	0
1,	[1237.09, 1529.02],	-1,	-1,	2,	-1
1,	[1351.95, 1530.03],	-1,	-1,	4,	0
1,	[1846.96, 1529.04],	-1,	-1,	6,	7
1,	[2690.02, 1528.99],	-1,	-1,	7,	7
1,	[1608.06, 1534.04],	-1,	-1,	7,	3
1,	[2634, 1534.98],	-1,	-1,	3,	6
1,	[1889.05, 1534.04],	-1,	-1,	7,	7
1,	[2976.01, 1536.97],	-1,	-1,	1,	0
1,	[1470.01, 1539.03],	-1,	-1,	3,	0
1,	[1932.99, 1539.04],	-1,	-1,	2,	5
1,	[2578.03, 1540.98],	-1,	-1,	3,	1
1,	[1644.98, 1544.02],	-1,	-1,	2,	0
1,	[1977.04, 1542.99],	-1,	-1,	7,	1
1,	[1300.05, 1543.99],	-1,	-1,	5,	5
1,	[1378.99, 1546],	-1,	-1,	5,	1
1,	[2022.99, 1545.03],	-1,	-1,	1,	7
1,	[2523.96, 1544],	-1,	-1,	5,	7
1,	[3151.9, 1544.85],	-1,	-1,	0,	7
1,	[1236.95, 1552.01],	-1,	-1,	6,	6
1,	[2469.05, 1547.96],	-1,	-1,	5,	6
1,	[1256.08, 1549.03],	-1,	-1,	2,	3
1,	[2068.98, 1548.99],	-1,	-1,	7,	0
1,	[1502.04, 1551.03],	-1,	-1,	6,	7
1,	[1682.97, 1552.02],	-1,	-1,	2,	5
1,	[2115.97, 1550.98],	-1,	-1,	7,	0
1,	[2163.94, 1552.99],	-1,	-1,	2,	7
1,	[2415.97, 1551.02],	-1,	-1,	2,	6
1,	[2916.97, 1550],	-1,	-1,	6,	5
1,	[2212.01, 1554],	-1,	-1,	6,	2
1,	[2261.94, 1554.02],	-1,	-1,	0,	3
1,	[2311.99, 1553.98],	-1,	-1,	1,	2
1,	[2363.04, 1553.03],	-1,	-1,	6,	6
1,	[1324.05, 1559.98],	-1,	-1,	1,	7
1,	[1407.04, 1559.99],	-1,	-1,	1,	1
1,	[1721.04, 1560.04],	-1,	-1,	2,	5
1,	[2857.03, 1559.98],	-1,	-1,	7,	6
1,	[1535.96, 1562.01],	-1,	-1,	2,	6
1,	[1760.99, 1566.98],	-1,	-1,	0,	3
1,	[3090.03, 1562.04],	-1,	-1,	4,	0
1,	[1236.07, 1571.99],	-1,	-1,	2,	6
1,	[2799.01, 1569.97],	-1,	-1,	3,	7
1,	[1276.51, 1568.5],	-1,	-1,	1,	7
1,	[1349.99, 1575.03],	-1,	-1,	0,	4
1,	[1436.97, 1573.04],	-1,	-1,	6,	0
1,	[1570.02, 1573.01],	-1,	-1,	7,	1
1,	[1801.96, 1573.98],	-1,	-1,	3,	5
1,	[2741.04, 1577.04],	-1,	-1,	3,	7
1,	[1843.05, 1579.01],	-1,	-1,	7,	0
1,	[3029.99, 1578.98],	-1,	-1,	6,	7
1,	[3206.03, 1578.03],	-1,	-1,	0,	0
1,	[1605.05, 1582.03],	-1,	-1,	3,	2
1,	[1467.98, 1586],	-1,	-1,	0,	1
1,	[1886, 1584],	-1,	-1,	7,	7
1,	[2684.96, 1583.98],	-1,	-1,	6,	6
1,	[1299.01, 1586.98],	-1,	-1,	1,	7
1,	[3323.79, 1581.4],	-1,	-1,	-1,	3
1,	[1377.02, 1590.97],	-1,	-1,	1,	7
1,	[1929.94, 1588.04],	-1,	-1,	5,	7
1,	[1642.01, 1591.02],	-1,	-1,	0,	7
1,	[2628.05, 1590],	-1,	-1,	6,	5
1,	[1974, 1592.03],	-1,	-1,	1,	7
1,	[2969.98, 1591.98],	-1,	-1,	0,	6
1,	[2573.01, 1593.97],	-1,	-1,	1,	0
1,	[1255.43, 1592.2],	-1,	-1,	7,	7
1,	[1499.98, 1597.99],	-1,	-1,	7,	0
1,	[2019.01, 1596.04],	-1,	-1,	6,	2
1,	[2518.02, 1597.98],	-1,	-1,	7,	6
1,	[1680.01, 1599.99],	-1,	-1,	5,	2
1,	[2065.01, 1599.99],	-1,	-1,	0,	5
1,	[2112, 1601.97],	-1,	-1,	0,	2
1,	[2464.01, 1601.99],	-1,	-1,	6,	7
1,	[1323.01, 1603.98],	-1,	-1,	7,	2
1,	[2159.97, 1604],	-1,	-1,	7,	5
1,	[3145.97, 1600.46],	-1,	-1,	5,	7
1,	[1405.95, 1605.03],	-1,	-1,	1,	1
1,	[2208.01, 1606.02],	-1,	-1,	2,	1
1,	[2257.05, 1606.03],	-1,	-1,	3,	3
1,	[2307.95, 1606.98],	-1,	-1,	2,	6
1,	[2411, 1604.04],	-1,	-1,	7,	0
1,	[2910.97, 1603.97],	-1,	-1,	5,	7
1,	[2358.97, 1606.04],	-1,	-1,	7,	5
1,	[1221.01, 1611],	-1,	-1,	6,	6
1,	[1533.05, 1609.02],	-1,	-1,	6,	2
1,	[1718.95, 1608],	-1,	-1,	5,	7
1,	[1254.79, 1614.97],	-1,	-1,	5,	1
1,	[1758.04, 1615.98],	-1,	-1,	3,	3
1,	[1275.74, 1612.11],	-1,	-1,	7,	3
1,	[2851.98, 1616],	-1,	-1,	6,	1
1,	[1348.96, 1619.99],	-1,	-1,	-1,	0
1,	[1435.01, 1618.03],	-1,	-1,	0,	1
1,	[1567.98, 1619.01],	-1,	-1,	1,	6
1,	[3084.01, 1616.99],	-1,	-1,	0,	2
1,	[1799, 1621.99],	-1,	-1,	5,	6
1,	[1322.98, 1626],	-1,	-1,	6,	2
1,	[2793.97, 1623.02],	-1,	-1,	4,	2
1,	[1840.95, 1627.03],	-1,	-1,	0,	2
1,	[1298.94, 1629.02],	-1,	-1,	7,	2
1,	[1466.04, 1631.99],	-1,	-1,	1,	1
1,	[1603.01, 1630.01],	-1,	-1,	2,	7
1,	[1236.99, 1635],	-1,	-1,	6,	-1
1,	[2736.01, 1630.98],	-1,	-1,	7,	2
1,	[1255.44, 1633.73],	-1,	-1,	5,	1
1,	[1883.02, 1633.03],	-1,	-1,	6,	6
1,	[3024.03, 1633.04],	-1,	-1,	7,	7
1,	[3200.97, 1633],	-1,	-1,	0,	3
1,	[1376, 1635],	-1,	-1,	7,	2
1,	[1926.95, 1637.99],	-1,	-1,	7,	6
1,	[2679.06, 1637.99],	-1,	-1,	6,	1
1,	[1640, 1639.02],	-1,	-1,	7,	7
1,	[3318.78, 1635.43],	-1,	-1,	2,	7
1,	[1498.05, 1643.01],	-1,	-1,	0,	2
1,	[1971, 1642.03],	-1,	-1,	7,	3
1,	[2623.96, 1642.02],	-1,	-1,	5,	7
1,	[1322.05, 1648],	-1,	-1,	2,	3
1,	[2016, 1646.98],	-1,	-1,	2,	3
1,	[1298.03, 1651],	-1,	-1,	2,	6
1,	[1404.05, 1649.03],	-1,	-1,	1,	6
1,	[1677.96, 1648.04],	-1,	-1,	2,	5
1,	[2568.02, 1646.99],	-1,	-1,	0,	6
1,	[2964.03, 1646.04],	-1,	-1,	6,	6
1,	[2062, 1649.98],	-1,	-1,	5,	5
1,	[2108.97, 1652.02],	-1,	-1,	2,	2
1,	[2513.97, 1651.02],	-1,	-1,	6,	6
1,	[1276, 1653.03],	-1,	-1,	2,	3
1,	[1375.95, 1658],	-1,	-1,	6,	3
1,	[1531.04, 1656.98],	-1,	-1,	2,	1
1,	[1716.05, 1655.97],	-1,	-1,	7,	6
1,	[2156.04, 1654.02],	-1,	-1,	5,	3
1,	[2204.96, 1655.99],	-1,	-1,	1,	3
1,	[2253.98, 1657.04],	-1,	-1,	3,	7
1,	[2459.96, 1654.02],	-1,	-1,	7,	0
1,	[3138.99, 1652.05],	-1,	-1,	5,	2
1,	[2303.97, 1658.04],	-1,	-1,	7,	0
1,	[2354.97, 1657.98],	-1,	-1,	5,	0
1,	[2406.96, 1656.99],	-1,	-1,	0,	5
1,	[2905.01, 1658.98],	-1,	-1,	7,	1
1,	[1348.02, 1663.02],	-1,	-1,	0,	0
1,	[1756, 1663.03],	-1,	-1,	3,	7
1,	[1434.01, 1663.03],	-1,	-1,	7,	7
1,	[1566, 1666.99],	-1,	-1,	6,	0
1,	[3255.98, 1662.01],	-1,	-1,	-1,	6
1,	[2846.03, 1668.02],	-1,	-1,	1,	2
1,	[1298.05, 1672.99],	-1,	-1,	2,	3
1,	[1796.94, 1670.97],	-1,	-1,	6,	7
1,	[3078.99, 1671.01],	-1,	-1,	2,	2
1,	[1465.04, 1676.99],	-1,	-1,	1,	5
1,	[1838.03, 1676.98],	-1,	-1,	2,	2
1,	[1255.93, 1674.16],	-1,	-1,	-1,	2
1,	[1375.01, 1680],	-1,	-1,	2,	3
1,	[1601.95, 1676.98],	-1,	-1,	7,	5
1,	[2788.03, 1677.99],	-1,	-1,	2,	0
1,	[1880.99, 1683],	-1,	-1,	6,	1
1,	[1638.06, 1686.02],	-1,	-1,	7,	7
1,	[2731.03, 1684.99],	-1,	-1,	2,	0
1,	[1322.95, 1690.01],	-1,	-1,	3,	1
1,	[1497.04, 1689.01],	-1,	-1,	2,	2
1,	[1924.03, 1687.03],	-1,	-1,	6,	6
1,	[3018.98, 1686.03],	-1,	-1,	5,	0
1,	[3195, 1686.03],	-1,	-1,	3,	7
1,	[2675.01, 1689.96],	-1,	-1,	1,	2
1,	[1256.97, 1696.99],	-1,	-1,	-1,	2
1,	[1968.05, 1692.03],	-1,	-1,	3,	5
1,	[1403.96, 1693.98],	-1,	-1,	6,	2
1,	[1238.22, 1694.09],	-1,	-1,	-1,	-1
1,	[1276.98, 1694.03],	-1,	-1,	-1,	3
1,	[1676.02, 1694.99],	-1,	-1,	5,	7
1,	[2013.95, 1696.03],	-1,	-1,	3,	1
1,	[2619.03, 1696],	-1,	-1,	6,	1
1,	[1298.5, 1692.5],	-1,	-1,	3,	1
1,	[1530.95, 1700.02],	-1,	-1,	1,	3
1,	[2059.05, 1698.99],	-1,	-1,	5,	2
1,	[2564.01, 1699.99],	-1,	-1,	6,	6
1,	[2105.99, 1702.02],	-1,	-1,	2,	6
1,	[2959.01, 1700],	-1,	-1,	6,	3
1,	[1348.03, 1706],	-1,	-1,	0,	0
1,	[1714.97, 1703.02],	-1,	-1,	6,	7
1,	[2153.04, 1705.01],	-1,	-1,	3,	0
1,	[2509.06, 1703.99],	-1,	-1,	6,	5
1,	[2201.95, 1706.99],	-1,	-1,	3,	7
1,	[2455.98, 1706],	-1,	-1,	0,	2
1,	[1433.04, 1708.03],	-1,	-1,	7,	1
1,	[2351.03, 1708.99],	-1,	-1,	0,	3
1,	[1564.99, 1711.97],	-1,	-1,	0,	7
1,	[2250.96, 1708.02],	-1,	-1,	7,	3
1,	[2300.95, 1709.01],	-1,	-1,	0,	5
1,	[2403.01, 1708.04],	-1,	-1,	5,	5
1,	[1299.05, 1713.99],	-1,	-1,	7,	1
1,	[1754.05, 1711.01],	-1,	-1,	6,	3
1,	[2900, 1710.99],	-1,	-1,	1,	6
1,	[1257.08, 1715.02],	-1,	-1,	2,	3
1,	[1276.52, 1714.51],	-1,	-1,	7,	3
1,	[1794.99, 1717.99],	-1,	-1,	7,	0
1,	[1375.04, 1722.99],	-1,	-1,	3,	1
1,	[1465, 1721.04],	-1,	-1,	5,	1
1,	[2841.04, 1721.99],	-1,	-1,	2,	6
1,	[1600.97, 1722.02],	-1,	-1,	5,	3
1,	[1836.05, 1724.02],	-1,	-1,	2,	6
1,	[3073.98, 1723.99],	-1,	-1,	2,	6
1,	[1879, 1729.02],	-1,	-1,	1,	2
1,	[1323.05, 1730.99],	-1,	-1,	1,	0
1,	[2784, 1729.05],	-1,	-1,	0,	7
1,	[1637.04, 1731.99],	-1,	-1,	7,	7
1,	[1496.96, 1733.97],	-1,	-1,	2,	6
1,	[1277.85, 1734.68],	-1,	-1,	3,	5
1,	[1403.95, 1737.98],	-1,	-1,	2,	3
1,	[1922.04, 1735.98],	-1,	-1,	5,	5
1,	[2727.01, 1736.02],	-1,	-1,	0,	7
1,	[1258.39, 1735.19],	-1,	-1,	7,	-1
1,	[1966.05, 1739.99],	-1,	-1,	5,	6
1,	[3013.98, 1738.04],	-1,	-1,	0,	3
1,	[1675.02, 1740.98],	-1,	-1,	7,	6
1,	[3189.03, 1738.02],	-1,	-1,	7,	3
1,	[1530, 1745.03],	-1,	-1,	3,	7
1,	[2011.05, 1744.03],	-1,	-1,	1,	0
1,	[2670.98, 1742.04],	-1,	-1,	2,	6
1,	[1348.99, 1748.01],	-1,	-1,	0,	0
1,	[2615.02, 1746.98],	-1,	-1,	1,	6
1,	[1433.93, 1751.01],	-1,	-1,	1,	3
1,	[1713.96, 1749.99],	-1,	-1,	7,	5
1,	[2057, 1748.98],	-1,	-1,	2,	5
1,	[2103.96, 1751.97],	-1,	-1,	6,	2
1,	[2560.03, 1751.05],	-1,	-1,	6,	3
1,	[2954.01, 1751.98],	-1,	-1,	3,	6
1,	[1300.94, 1753.03],	-1,	-1,	1,	0
1,	[2150.99, 1754.04],	-1,	-1,	0,	1
1,	[1259.96, 1754.98],	-1,	-1,	3,	1
1,	[1753.02, 1757.02],	-1,	-1,	3,	2
1,	[2199.01, 1756.01],	-1,	-1,	7,	2
1,	[2506.01, 1754.97],	-1,	-1,	5,	0
1,	[1564.92, 1756.98],	-1,	-1,	7,	7
1,	[2247.99, 1758.01],	-1,	-1,	3,	2
1,	[2452.04, 1757.04],	-1,	-1,	2,	2
1,	[2298, 1759.02],	-1,	-1,	5,	5
1,	[2348.05, 1759.04],	-1,	-1,	3,	3
1,	[2400, 1758.96],	-1,	-1,	5,	2
1,	[3129.02, 1757.96],	-1,	-1,	5,	7
1,	[1376, 1764.01],	-1,	-1,	1,	0
1,	[1464.06, 1764.03],	-1,	-1,	1,	7
1,	[1793.97, 1764],	-1,	-1,	0,	2
1,	[2895.04, 1764],	-1,	-1,	6,	0
1,	[1600, 1767.99],	-1,	-1,	3,	0
1,	[1324.95, 1771.02],	-1,	-1,	0,	2
1,	[1835.03, 1771.03],	-1,	-1,	6,	2
1,	[2837.04, 1773.04],	-1,	-1,	7,	0
1,	[1636.98, 1777.01],	-1,	-1,	6,	6
1,	[3068.97, 1775.02],	-1,	-1,	6,	2
1,	[1260.87, 1773.12],	-1,	-1,	3,	1
1,	[1301.75, 1774.73],	-1,	-1,	-1,	0
1,	[1404.93, 1780],	-1,	-1,	3,	1
1,	[1496.96, 1777.99],	-1,	-1,	6,	2
1,	[1877.95, 1777.03],	-1,	-1,	2,	6
1,	[2780, 1781.02],	-1,	-1,	7,	7
1,	[1920.99, 1782.97],	-1,	-1,	5,	0
1,	[1245.44, 1789.19],	-1,	-1,	-1,	-1
1,	[1350.04, 1789],	-1,	-1,	0,	0
1,	[1674.93, 1786.04],	-1,	-1,	6,	6
1,	[3184.99, 1788],	-1,	-1,	3,	2
1,	[1530.03, 1789.02],	-1,	-1,	7,	2
1,	[1964.98, 1788],	-1,	-1,	6,	7
1,	[2723.03, 1787.98],	-1,	-1,	7,	7
1,	[3009.02, 1789.98],	-1,	-1,	3,	3
1,	[1262.92, 1791.97],	-1,	-1,	-1,	-1
1,	[1302.92, 1792.97],	-1,	-1,	0,	6
1,	[2009.96, 1791.99],	-1,	-1,	0,	6
1,	[3302.98, 1789.97],	-1,	-1,	7,	0
1,	[1434.04, 1793.99],	-1,	-1,	7,	3
1,	[2667.03, 1793.05],	-1,	-1,	6,	0
1,	[1713.01, 1795.02],	-1,	-1,	5,	0
1,	[2055.05, 1796.02],	-1,	-1,	5,	7
1,	[2101.96, 1800.99],	-1,	-1,	2,	1
1,	[2611.98, 1798.03],	-1,	-1,	6,	0
1,	[1377.02, 1804.99],	-1,	-1,	0,	2
1,	[1564.97, 1801.01],	-1,	-1,	7,	1
1,	[2557, 1801.98],	-1,	-1,	3,	6
1,	[1752.93, 1803.03],	-1,	-1,	2,	7
1,	[2149.01, 1802.99],	-1,	-1,	1,	1
1,	[2503, 1804.99],	-1,	-1,	0,	3
1,	[2197, 1805.04],	-1,	-1,	2,	0
1,	[2950, 1803.98],	-1,	-1,	6,	7
1,	[1465.04, 1807.03],	-1,	-1,	6,	2
1,	[2245.97, 1807.01],	-1,	-1,	2,	7
1,	[2346.01, 1808.05],	-1,	-1,	3,	6
1,	[2449.96, 1807.04],	-1,	-1,	2,	6
1,	[1793.01, 1810.98],	-1,	-1,	2,	2
1,	[2295.96, 1807.99],	-1,	-1,	5,	2
1,	[2397.03, 1809.01],	-1,	-1,	2,	5
1,	[3124.01, 1807.96],	-1,	-1,	7,	6
1,	[1326.96, 1811.99],	-1,	-1,	2,	6
1,	[1600.03, 1811.99],	-1,	-1,	0,	1
1,	[1350.52, 1808.52],	-1,	-1,	4,	4
1,	[2891.04, 1813.99],	-1,	-1,	0,	7
1,	[1834.95, 1818.03],	-1,	-1,	2,	1
1,	[1405.96, 1821],	-1,	-1,	1,	0
1,	[3240.97, 1815],	-1,	-1,	7,	6
1,	[1497.01, 1821.98],	-1,	-1,	6,	1
1,	[1636.98, 1822.03],	-1,	-1,	6,	1
1,	[1352.04, 1828.99],	-1,	-1,	0,	0
1,	[1876.98, 1824],	-1,	-1,	6,	0
1,	[2833.97, 1823.98],	-1,	-1,	0,	5
1,	[1919.99, 1829],	-1,	-1,	0,	3
1,	[3064.02, 1826.03],	-1,	-1,	2,	1
1,	[1674.94, 1831.03],	-1,	-1,	6,	5
1,	[1435.05, 1835.98],	-1,	-1,	3,	5
1,	[1530.97, 1833.02],	-1,	-1,	2,	0
1,	[2776.04, 1831.08],	-1,	-1,	7,	7
1,	[1305.09, 1832.05],	-1,	-1,	6,	6
1,	[1963.98, 1834.97],	-1,	-1,	7,	0
1,	[1713, 1839.97],	-1,	-1,	0,	3
1,	[2008.94, 1839.03],	-1,	-1,	6,	6
1,	[2719.98, 1838],	-1,	-1,	7,	7
1,	[3180.99, 1837.96],	-1,	-1,	2,	7
1,	[3297.98, 1838],	-1,	-1,	0,	1
1,	[3005.02, 1840],	-1,	-1,	3,	7
1,	[1565.94, 1843.99],	-1,	-1,	1,	7
1,	[2054.01, 1843.04],	-1,	-1,	7,	6
1,	[2664.02, 1843.04],	-1,	-1,	0,	5
1,	[1251.46, 1841.74],	-1,	-1,	-1,	6
1,	[1353.33, 1848.67],	-1,	-1,	4,	0
1,	[1379.05, 1845.99],	-1,	-1,	6,	6
1,	[2100.04, 1846.99],	-1,	-1,	1,	3
1,	[1752.93, 1848.01],	-1,	-1,	7,	5
1,	[2608.98, 1847.06],	-1,	-1,	0,	7
1,	[1466.03, 1850],	-1,	-1,	2,	3
1,	[2147.05, 1850.97],	-1,	-1,	1,	5
1,	[1329.05, 1851.04],	-1,	-1,	2,	3
1,	[2195.03, 1852.96],	-1,	-1,	0,	5
1,	[1286.96, 1850.04],	-1,	-1,	-1,	0
1,	[1600.99, 1855.01],	-1,	-1,	1,	1
1,	[2500.04, 1854.03],	-1,	-1,	3,	3
1,	[2554.03, 1851.98],	-1,	-1,	6,	5
1,	[2946.01, 1852.03],	-1,	-1,	5,	7
1,	[1792.97, 1855.03],	-1,	-1,	2,	6
1,	[2244.02, 1855.01],	-1,	-1,	7,	5
1,	[2293.98, 1856.97],	-1,	-1,	2,	5
1,	[2344.02, 1857.01],	-1,	-1,	6,	3
1,	[2395.03, 1857],	-1,	-1,	5,	7
1,	[2447.03, 1856.03],	-1,	-1,	6,	2
1,	[1407.04, 1860.99],	-1,	-1,	0,	6
1,	[3120.02, 1856.98],	-1,	-1,	6,	6
1,	[1498.03, 1862.01],	-1,	-1,	1,	3
1,	[1834.03, 1862.01],	-1,	-1,	1,	3
1,	[1637.04, 1864.01],	-1,	-1,	1,	2
1,	[1354.96, 1868.02],	-1,	-1,	0,	3
1,	[2887.97, 1863.04],	-1,	-1,	4,	7
1,	[3235.91, 1862.32],	-1,	-1,	6,	3
1,	[1288.14, 1868.9],	-1,	-1,	-1,	4
1,	[1876.05, 1869.01],	-1,	-1,	0,	5
1,	[1330, 1866.57],	-1,	-1,	7,	2
1,	[1308.96, 1871.01],	-1,	-1,	-1,	3
1,	[1531.98, 1874.02],	-1,	-1,	0,	7
1,	[1919.05, 1875],	-1,	-1,	3,	1
1,	[2830.03, 1872.07],	-1,	-1,	5,	5
1,	[3060.04, 1872.99],	-1,	-1,	1,	3
1,	[1675.02, 1874.97],	-1,	-1,	5,	0
1,	[1437.92, 1876],	-1,	-1,	5,	6
1,	[1963.02, 1880],	-1,	-1,	0,	2
1,	[1713.04, 1883.98],	-1,	-1,	3,	3
1,	[2773.02, 1880.02],	-1,	-1,	7,	7
1,	[1332.04, 1888.01],	-1,	-1,	3,	-1
1,	[2007.99, 1885.98],	-1,	-1,	6,	2
1,	[1290.07, 1885.98],	-1,	-1,	0,	2
1,	[1381.99, 1886],	-1,	-1,	2,	3
1,	[1566.93, 1886.03],	-1,	-1,	7,	3
1,	[2716.99, 1886.07],	-1,	-1,	7,	7
1,	[3293.01, 1884.03],	-1,	-1,	1,	5
1,	[1468.02, 1890.99],	-1,	-1,	5,	1
1,	[3001.02, 1888.03],	-1,	-1,	7,	3
1,	[3175.53, 1884.97],	-1,	-1,	4,	3
1,	[1356, 1887],	-1,	-1,	4,	4
1,	[2053.03, 1890.01],	-1,	-1,	6,	6
1,	[1753.02, 1891.99],	-1,	-1,	5,	3
1,	[2099.05, 1894.01],	-1,	-1,	3,	7
1,	[2661.05, 1891.99],	-1,	-1,	5,	5
1,	[1311.48, 1891.49],	-1,	-1,	7,	3
1,	[1602.02, 1897.02],	-1,	-1,	1,	5
1,	[2146.95, 1897.04],	-1,	-1,	5,	1
1,	[2606.04, 1896.04],	-1,	-1,	7,	7
1,	[1793.03, 1899.99],	-1,	-1,	6,	2
1,	[2552.01, 1899.05],	-1,	-1,	5,	7
1,	[1410, 1901.02],	-1,	-1,	6,	6
1,	[2194.04, 1900],	-1,	-1,	5,	5
1,	[2498.04, 1902.04],	-1,	-1,	3,	6
1,	[2942.98, 1901.03],	-1,	-1,	7,	1
1,	[1500.01, 1903.98],	-1,	-1,	3,	7
1,	[2243.01, 1901.99],	-1,	-1,	5,	3
1,	[2292.95, 1903.05],	-1,	-1,	5,	7
1,	[2342.98, 1904.03],	-1,	-1,	3,	2
1,	[1293.07, 1904.91],	-1,	-1,	2,	6
1,	[1357.98, 1906.03],	-1,	-1,	0,	0
1,	[2393.96, 1904.06],	-1,	-1,	7,	6
1,	[2445.04, 1905],	-1,	-1,	2,	1
1,	[1312.86, 1906.04],	-1,	-1,	3,	6
1,	[1638.94, 1907.96],	-1,	-1,	2,	6
1,	[1834.95, 1906.98],	-1,	-1,	3,	7
1,	[3116.98, 1904.04],	-1,	-1,	7,	7
1,	[2884.99, 1911.96],	-1,	-1,	7,	1
1,	[1676, 1917.01],	-1,	-1,	0,	3
1,	[1876.97, 1913.97],	-1,	-1,	5,	5
1,	[1439.94, 1916.03],	-1,	-1,	6,	7
1,	[1533.98, 1915.98],	-1,	-1,	7,	7
1,	[1384.99, 1923],	-1,	-1,	3,	2
1,	[1919.95, 1919.97],	-1,	-1,	1,	6
1,	[1295.04, 1921.99],	-1,	-1,	2,	2
1,	[2827.05, 1919.97],	-1,	-1,	5,	2
1,	[3057.02, 1920.06],	-1,	-1,	3,	7
1,	[1359.86, 1925.12],	-1,	-1,	4,	0
1,	[1714.05, 1926.03],	-1,	-1,	3,	6
1,	[1963.01, 1925.04],	-1,	-1,	2,	2
1,	[1568.04, 1927.97],	-1,	-1,	3,	5
1,	[1337.05, 1926.13],	-1,	-1,	6,	6
1,	[1470.96, 1930.01],	-1,	-1,	1,	0
1,	[2007.96, 1930.03],	-1,	-1,	2,	6
1,	[2770.97, 1927.98],	-1,	-1,	6,	6
1,	[1362, 1928],	-1,	-1,	4,	0
1,	[1753.97, 1935.03],	-1,	-1,	3,	0
1,	[2052.99, 1935.97],	-1,	-1,	6,	5
1,	[2714.95, 1934.03],	-1,	-1,	6,	6
1,	[2998.01, 1934.99],	-1,	-1,	3,	2
1,	[1413.03, 1940.02],	-1,	-1,	2,	3
1,	[1604, 1939.02],	-1,	-1,	5,	1
1,	[2099, 1939.04],	-1,	-1,	7,	2
1,	[2659, 1939.06],	-1,	-1,	5,	2
1,	[1361.94, 1943.04],	-1,	-1,	0,	-1
1,	[2145.99, 1942.98],	-1,	-1,	1,	6
1,	[1502.98, 1943.04],	-1,	-1,	7,	2
1,	[1794.01, 1943.99],	-1,	-1,	2,	1
1,	[1298, 1941.46],	-1,	-1,	6,	-1
1,	[2604.04, 1944.01],	-1,	-1,	7,	1
1,	[2193.94, 1946.02],	-1,	-1,	5,	7
1,	[2242.01, 1948.98],	-1,	-1,	3,	0
1,	[2550.01, 1947.05],	-1,	-1,	5,	1
1,	[2939.99, 1947],	-1,	-1,	1,	6
1,	[1640.01, 1949.98],	-1,	-1,	7,	0
1,	[2444.02, 1950.04],	-1,	-1,	1,	3
1,	[2496.99, 1949.97],	-1,	-1,	7,	3
1,	[1835.05, 1950.02],	-1,	-1,	7,	2
1,	[2291.06, 1949.98],	-1,	-1,	7,	6
1,	[2341.05, 1951.02],	-1,	-1,	2,	6
1,	[2392.05, 1951.05],	-1,	-1,	6,	6
1,	[3113.01, 1949.06],	-1,	-1,	5,	0
1,	[1442.96, 1955.01],	-1,	-1,	7,	0
1,	[1536.01, 1956.03],	-1,	-1,	7,	2
1,	[1677.04, 1959.03],	-1,	-1,	3,	3
1,	[1877.05, 1956.98],	-1,	-1,	5,	2
1,	[2882.03, 1958],	-1,	-1,	1,	7
1,	[3228.98, 1953.97],	-1,	-1,	3,	0
1,	[1388.99, 1961.04],	-1,	-1,	6,	5
1,	[1920.03, 1963.99],	-1,	-1,	6,	2
1,	[1473.95, 1968.03],	-1,	-1,	0,	6
1,	[3053.97, 1966.03],	-1,	-1,	4,	2
1,	[1570.95, 1967.99],	-1,	-1,	5,	6
1,	[1716, 1968.99],	-1,	-1,	7,	3
1,	[1963.96, 1969.96],	-1,	-1,	2,	6
1,	[1417, 1976.04],	-1,	-1,	3,	6
1,	[2768.97, 1975.04],	-1,	-1,	6,	1
1,	[3169.97, 1976],	-1,	-1,	3,	0
1,	[1366.91, 1980.01],	-1,	-1,	4,	0
1,	[1606, 1978.99],	-1,	-1,	1,	6
1,	[1755.04, 1977.04],	-1,	-1,	0,	1
1,	[2008, 1975.06],	-1,	-1,	6,	5
1,	[2053.01, 1980.02],	-1,	-1,	5,	0
1,	[1505.98, 1983.99],	-1,	-1,	2,	0
1,	[1795.04, 1985],	-1,	-1,	1,	3
1,	[2713, 1981.99],	-1,	-1,	6,	1
1,	[2098.99, 1985.02],	-1,	-1,	2,	0
1,	[1446.96, 1991.99],	-1,	-1,	0,	2
1,	[1642.05, 1990.01],	-1,	-1,	0,	5
1,	[2145.96, 1988.05],	-1,	-1,	6,	2
1,	[2602.97, 1990.02],	-1,	-1,	1,	7
1,	[2193.03, 1991.05],	-1,	-1,	7,	6
1,	[1306.87, 1990.07],	-1,	-1,	2,	6
1,	[1836.95, 1993.97],	-1,	-1,	2,	0
1,	[2241.97, 1994.02],	-1,	-1,	0,	1
1,	[2548.99, 1992.99],	-1,	-1,	1,	6
1,	[1539.03, 1995.04],	-1,	-1,	7,	7
1,	[2495.97, 1995.98],	-1,	-1,	3,	2
1,	[2937.01, 1994],	-1,	-1,	6,	0
1,	[3110, 1994.02],	-1,	-1,	0,	3
1,	[2290.97, 1995.99],	-1,	-1,	6,	6
1,	[2340.99, 1997],	-1,	-1,	7,	5
1,	[2443.02, 1997.02],	-1,	-1,	3,	7
1,	[1393.9, 1997.05],	-1,	-1,	5,	7
1,	[1679.97, 1999.99],	-1,	-1,	3,	5
1,	[2391.97, 1997.97],	-1,	-1,	7,	5
1,	[3225.98, 1997.03],	-1,	-1,	0,	3
1,	[1347.18, 1997.59],	-1,	-1,	3,	5
1,	[1878.02, 2000.05],	-1,	-1,	2,	5
1,	[1920.99, 2006.98],	-1,	-1,	2,	2
1,	[2880, 2003.99],	-1,	-1,	7,	3
1,	[1477.95, 2007],	-1,	-1,	6,	6
1,	[1573.06, 2007.98],	-1,	-1,	6,	7
1,	[1718, 2009.03],	-1,	-1,	3,	2
1,	[1328.83, 2011.36],	-1,	-1,	7,	-1
1,	[1371.05, 2014.99],	-1,	-1,	7,	0
1,	[1964.04, 2013.03],	-1,	-1,	6,	2
1,	[3051.01, 2011.99],	-1,	-1,	2,	0
1,	[2823.01, 2012.96],	-1,	-1,	2,	7
1,	[1421.92, 2014.04],	-1,	-1,	6,	6
1,	[1757.04, 2018.04],	-1,	-1,	1,	1
1,	[1509.05, 2020],	-1,	-1,	0,	7
1,	[1608.98, 2019.02],	-1,	-1,	6,	2
1,	[2008.95, 2018.96],	-1,	-1,	5,	6
1,	[2766.98, 2019.96],	-1,	-1,	1,	2
1,	[3166.03, 2019.03],	-1,	-1,	0,	1
1,	[2053.05, 2023.98],	-1,	-1,	0,	3
1,	[2710.98, 2026],	-1,	-1,	1,	2
1,	[1451.01, 2029.97],	-1,	-1,	6,	6
1,	[1797.03, 2026.98],	-1,	-1,	3,	7
1,	[2099.03, 2028.03],	-1,	-1,	0,	7
1,	[2993.01, 2025.06],	-1,	-1,	7,	5
1,	[1645.04, 2030.01],	-1,	-1,	5,	-1
1,	[1542.96, 2033.95],	-1,	-1,	6,	6
1,	[1838.01, 2034.05],	-1,	-1,	0,	7
1,	[2145.98, 2033],	-1,	-1,	2,	3
1,	[2655.98, 2031.95],	-1,	-1,	5,	7
1,	[1398.08, 2033.03],	-1,	-1,	5,	1
1,	[2193.03, 2036.01],	-1,	-1,	6,	6
1,	[2241.97, 2038.99],	-1,	-1,	1,	1
1,	[2601.05, 2035.97],	-1,	-1,	7,	3
1,	[2935.02, 2037.95],	-1,	-1,	0,	7
1,	[3107.98, 2037.98],	-1,	-1,	3,	3
1,	[1682.05, 2040.05],	-1,	-1,	5,	3
1,	[2290.95, 2041],	-1,	-1,	5,	5
1,	[2494.97, 2041.03],	-1,	-1,	2,	4
1,	[2547.98, 2039.04],	-1,	-1,	6,	0
1,	[3223, 2039.05],	-1,	-1,	3,	7
1,	[1482, 2044.97],	-1,	-1,	6,	2
1,	[1879.99, 2042.03],	-1,	-1,	5,	7
1,	[2340.96, 2041.97],	-1,	-1,	5,	3
1,	[2391.03, 2042.06],	-1,	-1,	5,	0
1,	[2442.05, 2042.02],	-1,	-1,	7,	2
1,	[1377.04, 2049.01],	-1,	-1,	0,	0
1,	[1577, 2046.04],	-1,	-1,	7,	0
1,	[1922.02, 2049.03],	-1,	-1,	2,	7
1,	[1720.94, 2050.01],	-1,	-1,	2,	7
1,	[1426.96, 2049.02],	-1,	-1,	5,	5
1,	[3049, 2053.97],	-1,	-1,	0,	7
1,	[1612.01, 2058.02],	-1,	-1,	-1,	3
1,	[1965.96, 2056.05],	-1,	-1,	2,	1
1,	[1456, 2064.97],	-1,	-1,	6,	6
1,	[1513.96, 2057.96],	-1,	-1,	6,	6
1,	[1759.98, 2058.98],	-1,	-1,	1,	5
1,	[2821.02, 2057.01],	-1,	-1,	7,	6
1,	[3164.02, 2060.04],	-1,	-1,	1,	1
1,	[2009.96, 2062.02],	-1,	-1,	6,	1
1,	[1403.96, 2066.03],	-1,	-1,	1,	2
1,	[2765.02, 2064.98],	-1,	-1,	2,	6
1,	[1799.95, 2067.98],	-1,	-1,	7,	6
1,	[2054.04, 2067.01],	-1,	-1,	3,	3
1,	[1358.88, 2064.58],	-1,	-1,	6,	-1
1,	[2990.98, 2068.03],	-1,	-1,	5,	3
1,	[1547, 2072],	-1,	-1,	6,	1
1,	[2709.05, 2071.01],	-1,	-1,	2,	6
1,	[2100, 2071.99],	-1,	-1,	6,	5
1,	[1486.97, 2078.99],	-1,	-1,	2,	6
1,	[1840.02, 2076],	-1,	-1,	6,	6
1,	[2146.95, 2076.99],	-1,	-1,	3,	1
1,	[2654.99, 2076],	-1,	-1,	7,	6
1,	[1685.95, 2079],	-1,	-1,	3,	-1
1,	[3105.98, 2079],	-1,	-1,	3,	7
1,	[1383.94, 2082.99],	-1,	-1,	0,	0
1,	[1580.98, 2083],	-1,	-1,	0,	2
1,	[2193.98, 2080.05],	-1,	-1,	6,	1
1,	[1881.95, 2083.95],	-1,	-1,	7,	6
1,	[2241.99, 2082.95],	-1,	-1,	1,	5
1,	[2547.01, 2083],	-1,	-1,	0,	4
1,	[2933.04, 2080.95],	-1,	-1,	7,	4
1,	[1432.93, 2084.04],	-1,	-1,	6,	1
1,	[2290.99, 2084.97],	-1,	-1,	5,	0
1,	[2340.96, 2086.03],	-1,	-1,	3,	0
1,	[2391, 2086.04],	-1,	-1,	0,	3
1,	[2442.01, 2087.01],	-1,	-1,	2,	0
1,	[2494.05, 2085.06],	-1,	-1,	7,	5
1,	[1723.94, 2089.06],	-1,	-1,	7,	1
1,	[1923.99, 2091],	-1,	-1,	7,	5
1,	[2876.03, 2090.98],	-1,	-1,	5,	6
1,	[1518.93, 2093.99],	-1,	-1,	7,	7
1,	[1616.02, 2096],	-1,	-1,	3,	1
1,	[1967.01, 2097],	-1,	-1,	1,	3
1,	[3277, 2095],	-1,	-1,	6,	3
1,	[1461.99, 2100],	-1,	-1,	6,	2
1,	[1762.97, 2099],	-1,	-1,	5,	1
1,	[3047.16, 2095.84],	-1,	-1,	7,	7
1,	[2819.98, 2100.04],	-1,	-1,	6,	6
1,	[3161.99, 2100.03],	-1,	-1,	1,	5
1,	[1410.93, 2101.04],	-1,	-1,	6,	0
1,	[2010.99, 2103],	-1,	-1,	1,	6
1,	[1551.95, 2106.98],	-1,	-1,	1,	2
1,	[1801.99, 2108.03],	-1,	-1,	2,	0
1,	[2055.96, 2109.01],	-1,	-1,	3,	6
1,	[2764, 2108.04],	-1,	-1,	7,	0
1,	[2989, 2110.98],	-1,	-1,	3,	0
1,	[2101, 2114.06],	-1,	-1,	7,	7
1,	[2709, 2114.97],	-1,	-1,	6,	0
1,	[1390.04, 2114.03],	-1,	-1,	0,	4
1,	[1437.99, 2116.04],	-1,	-1,	1,	2
1,	[1492.92, 2114.99],	-1,	-1,	6,	1
1,	[1842.94, 2116.03],	-1,	-1,	7,	7
1,	[2147.04, 2118.97],	-1,	-1,	1,	0
1,	[1585.03, 2120.02],	-1,	-1,	2,	2
1,	[2194.96, 2121.98],	-1,	-1,	1,	2
1,	[2654.02, 2119.05],	-1,	-1,	6,	6
1,	[2600.03, 2122.99],	-1,	-1,	5,	6
1,	[3103.02, 2119.99],	-1,	-1,	7,	3
1,	[1883.99, 2124.02],	-1,	-1,	6,	6
1,	[2932, 2123.01],	-1,	-1,	7,	1
1,	[2242.97, 2125.96],	-1,	-1,	5,	1
1,	[2291.03, 2127.04],	-1,	-1,	0,	3
1,	[2546.98, 2126.04],	-1,	-1,	7,	7
1,	[1727.02, 2128.02],	-1,	-1,	5,	3
1,	[2341, 2129.03],	-1,	-1,	0,	1
1,	[2391.01, 2129.99],	-1,	-1,	3,	3
1,	[2442.04, 2129.03],	-1,	-1,	0,	7
1,	[2494.03, 2128.02],	-1,	-1,	5,	3
1,	[1416.96, 2132.03],	-1,	-1,	0,	4
1,	[1524.02, 2128.96],	-1,	-1,	7,	7
1,	[1620.03, 2132.01],	-1,	-1,	1,	0
1,	[1467.99, 2134.02],	-1,	-1,	2,	1
1,	[1926.03, 2131.96],	-1,	-1,	5,	3
1,	[2875.03, 2133.04],	-1,	-1,	6,	7
1,	[3275.01, 2133.03],	-1,	-1,	3,	1
1,	[1765.94, 2137.01],	-1,	-1,	1,	7
1,	[1968.99, 2138.03],	-1,	-1,	3,	7
1,	[3044.54, 2137],	-1,	-1,	7,	3
1,	[2819.03, 2142.09],	-1,	-1,	7,	5
1,	[3159.03, 2140.03],	-1,	-1,	5,	1
1,	[1656.07, 2143.99],	-1,	-1,	5,	7
1,	[1804.98, 2146.04],	-1,	-1,	0,	7
1,	[2012.99, 2145.04],	-1,	-1,	6,	0
1,	[1397.96, 2145.05],	-1,	-1,	4,	0
1,	[1445.94, 2150.05],	-1,	-1,	2,	0
1,	[1498.82, 2148.14],	-1,	-1,	5,	7
1,	[2057.95, 2150.99],	-1,	-1,	6,	3
1,	[2763.03, 2149.98],	-1,	-1,	0,	5
1,	[2988, 2151.02],	-1,	-1,	0,	1
1,	[1590.04, 2155.03],	-1,	-1,	2,	6
1,	[1693, 2155.01],	-1,	-1,	7,	1
1,	[1845.06, 2155.07],	-1,	-1,	7,	7
1,	[2102.95, 2155.97],	-1,	-1,	7,	6
1,	[2708.03, 2156.07],	-1,	-1,	0,	5
1,	[3216.01, 2155.99],	-1,	-1,	3,	2
1,	[2148.98, 2159.99],	-1,	-1,	0,	6
1,	[3101.02, 2158.04],	-1,	-1,	3,	2
1,	[2654, 2161.98],	-1,	-1,	5,	5
1,	[2931, 2162.95],	-1,	-1,	1,	7
1,	[1474, 2165.04],	-1,	-1,	1,	3
1,	[1529.99, 2162.98],	-1,	-1,	6,	6
1,	[1730.95, 2166],	-1,	-1,	3,	0
1,	[1886.96, 2163.97],	-1,	-1,	6,	5
1,	[2195.97, 2164],	-1,	-1,	2,	6
1,	[1625, 2167.03],	-1,	-1,	0,	6
1,	[2243.96, 2166.99],	-1,	-1,	1,	5
1,	[2600.02, 2165.08],	-1,	-1,	6,	6
1,	[2292.02, 2169.98],	-1,	-1,	3,	3
1,	[2547, 2168.96],	-1,	-1,	7,	1
1,	[1928.96, 2171.98],	-1,	-1,	3,	0
1,	[2341.98, 2171.02],	-1,	-1,	1,	1
1,	[2392, 2171.06],	-1,	-1,	3,	5
1,	[2494.97, 2171],	-1,	-1,	3,	0
1,	[3272.89, 2167.85],	-1,	-1,	1,	-1
1,	[2443, 2171.96],	-1,	-1,	6,	6
1,	[1769.01, 2175.99],	-1,	-1,	6,	2
1,	[2874.02, 2174.03],	-1,	-1,	7,	0
1,	[1405.99, 2175.01],	-1,	-1,	0,	-1
1,	[1562.96, 2177.06],	-1,	-1,	7,	4
1,	[1452, 2180.04],	-1,	-1,	0,	0
1,	[1971.04, 2178.05],	-1,	-1,	7,	2
1,	[3158.02, 2176.06],	-1,	-1,	1,	2
1,	[1505, 2181.99],	-1,	-1,	7,	1
1,	[1661, 2179.98],	-1,	-1,	7,	6
1,	[1808.94, 2185.01],	-1,	-1,	6,	6
1,	[2014.99, 2184.97],	-1,	-1,	0,	7
1,	[2818.04, 2183.01],	-1,	-1,	5,	0
1,	[1596.03, 2190.97],	-1,	-1,	2,	2
1,	[2059.02, 2190.98],	-1,	-1,	3,	2
1,	[2987, 2189.99],	-1,	-1,	1,	1
1,	[1848.96, 2193.98],	-1,	-1,	6,	6
1,	[2763.01, 2190.98],	-1,	-1,	5,	5
1,	[1536.98, 2197.02],	-1,	-1,	6,	1
1,	[2104.94, 2196.03],	-1,	-1,	6,	6
1,	[2708.02, 2197.02],	-1,	-1,	5,	5
1,	[1734.98, 2202.05],	-1,	-1,	0,	1
1,	[2150.97, 2200.99],	-1,	-1,	6,	6
1,	[1630.96, 2202.99],	-1,	-1,	6,	6
1,	[1890, 2202.06],	-1,	-1,	5,	0
1,	[2654.01, 2202.08],	-1,	-1,	5,	0
1,	[2197.05, 2205.05],	-1,	-1,	6,	0
1,	[2600.97, 2206.98],	-1,	-1,	7,	0
1,	[1931.95, 2210.04],	-1,	-1,	0,	1
1,	[2245.01, 2208.04],	-1,	-1,	6,	2
1,	[2547.05, 2208.99],	-1,	-1,	1,	7
1,	[2293.05, 2210.02],	-1,	-1,	3,	6
1,	[2495.03, 2211.98],	-1,	-1,	0,	1
1,	[1511.94, 2212.03],	-1,	-1,	1,	6
1,	[1773, 2212.99],	-1,	-1,	2,	3
1,	[2342.99, 2212],	-1,	-1,	1,	5
1,	[2873.99, 2212.98],	-1,	-1,	0,	2
1,	[2392.99, 2213.01],	-1,	-1,	5,	3
1,	[2443.96, 2212.97],	-1,	-1,	7,	7
1,	[1666.01, 2215.02],	-1,	-1,	6,	6
1,	[1974.01, 2217.99],	-1,	-1,	2,	0
1,	[3042.98, 2213],	-1,	-1,	3,	6
1,	[1812.05, 2222.02],	-1,	-1,	7,	7
1,	[2818, 2222.02],	-1,	-1,	0,	3
1,	[1602.02, 2225],	-1,	-1,	2,	1
1,	[2017.93, 2224.02],	-1,	-1,	7,	7
1,	[1542.98, 2227.01],	-1,	-1,	1,	-1
1,	[1702.03, 2227],	-1,	-1,	3,	0
1,	[2061.97, 2230.01],	-1,	-1,	2,	7
1,	[1852.97, 2232.01],	-1,	-1,	6,	1
1,	[1636.97, 2237.96],	-1,	-1,	6,	3
1,	[1739.98, 2238.01],	-1,	-1,	1,	1
1,	[2107, 2236.05],	-1,	-1,	6,	1
1,	[1893.02, 2239.04],	-1,	-1,	0,	3
1,	[2152.99, 2241],	-1,	-1,	6,	3
1,	[2654.03, 2241.97],	-1,	-1,	0,	3
1,	[1469.46, 2240.08],	-1,	-1,	0,	5
1,	[1519.98, 2244.03],	-1,	-1,	6,	0
1,	[1574.56, 2242.02],	-1,	-1,	3,	-1
1,	[2199.04, 2244.07],	-1,	-1,	0,	5
1,	[2601.01, 2245.98],	-1,	-1,	0,	2
1,	[1935, 2247.99],	-1,	-1,	1,	1
1,	[1777.98, 2248.99],	-1,	-1,	3,	1
1,	[2246.99, 2248.02],	-1,	-1,	2,	3
1,	[3156.01, 2248.03],	-1,	-1,	2,	3
1,	[1671.97, 2249.05],	-1,	-1,	5,	5
1,	[2295.03, 2250.97],	-1,	-1,	6,	3
1,	[2496.02, 2251.04],	-1,	-1,	1,	1
1,	[2548.05, 2249.03],	-1,	-1,	7,	1
1,	[2344.96, 2252.02],	-1,	-1,	5,	1
1,	[2394.02, 2252.97],	-1,	-1,	3,	2
1,	[2444.97, 2252.09],	-1,	-1,	7,	6
1,	[2873.98, 2251.97],	-1,	-1,	2,	2
1,	[3042.99, 2250.01],	-1,	-1,	6,	1
1,	[1608.95, 2256],	-1,	-1,	1,	-1
1,	[1977.04, 2254.95],	-1,	-1,	0,	7
1,	[1497.99, 2257.99],	-1,	-1,	6,	0
1,	[1816.97, 2258.02],	-1,	-1,	7,	7
1,	[1707.98, 2261.04],	-1,	-1,	0,	1
1,	[2818.01, 2260.99],	-1,	-1,	3,	3
1,	[2020.99, 2262.97],	-1,	-1,	7,	1
1,	[1642.94, 2269.01],	-1,	-1,	3,	6
1,	[1856.98, 2266.99],	-1,	-1,	1,	2
1,	[2064.98, 2268.94],	-1,	-1,	7,	1
1,	[1745, 2272.04],	-1,	-1,	1,	5
1,	[2109.98, 2273.96],	-1,	-1,	1,	2
1,	[1897.02, 2276.03],	-1,	-1,	3,	3
1,	[2155.01, 2278.05],	-1,	-1,	3,	6
1,	[2929.27, 2277.01],	-1,	-1,	5,	6
1,	[2655.02, 2280.05],	-1,	-1,	3,	3
1,	[1678, 2282.97],	-1,	-1,	1,	0
1,	[1782.98, 2283.02],	-1,	-1,	1,	0
1,	[3156.02, 2281.04],	-1,	-1,	3,	1
1,	[1939, 2284.03],	-1,	-1,	1,	5
1,	[2201.99, 2283.04],	-1,	-1,	5,	5
1,	[2602, 2284.97],	-1,	-1,	2,	2
1,	[3042, 2283],	-1,	-1,	1,	2
1,	[2249.03, 2287.01],	-1,	-1,	3,	1
1,	[2297.02, 2288.99],	-1,	-1,	3,	2
1,	[2346.02, 2289.98],	-1,	-1,	1,	6
1,	[2497.96, 2289.97],	-1,	-1,	1,	5
1,	[1821.94, 2293.04],	-1,	-1,	6,	6
1,	[1981.02, 2292.02],	-1,	-1,	5,	7
1,	[2446.04, 2291.06],	-1,	-1,	6,	6
1,	[3213.02, 2290.03],	-1,	-1,	-1,	-1
1,	[1713.99, 2294.98],	-1,	-1,	1,	1
1,	[2024.01, 2298.98],	-1,	-1,	1,	7
1,	[2985.98, 2298.06],	-1,	-1,	1,	2
1,	[3099.01, 2300.01],	-1,	-1,	3,	0
1,	[1649.94, 2301.94],	-1,	-1,	2,	7
1,	[1751, 2306.96],	-1,	-1,	5,	1
1,	[2763.99, 2305.95],	-1,	-1,	5,	7
1,	[1901.94, 2311.05],	-1,	-1,	3,	7
1,	[2112.97, 2311],	-1,	-1,	2,	6
1,	[1683.98, 2314.02],	-1,	-1,	0,	3
1,	[3155.02, 2311.06],	-1,	-1,	1,	-1
1,	[2709.98, 2312.07],	-1,	-1,	5,	7
1,	[1787.98, 2316.03],	-1,	-1,	0,	6
1,	[2158.04, 2316.08],	-1,	-1,	6,	5
1,	[2929.97, 2313.41],	-1,	-1,	6,	0
1,	[2656.02, 2317.04],	-1,	-1,	3,	7
1,	[1943.04, 2320.97],	-1,	-1,	5,	1
1,	[2252.01, 2323.97],	-1,	-1,	1,	0
1,	[2603.03, 2321.08],	-1,	-1,	2,	6
1,	[1719.97, 2326.97],	-1,	-1,	1,	5
1,	[2551.01, 2325.03],	-1,	-1,	5,	6
1,	[1826.98, 2328.03],	-1,	-1,	6,	1
1,	[1985.02, 2328.01],	-1,	-1,	7,	7
1,	[2348.97, 2328.04],	-1,	-1,	6,	2
1,	[2499.05, 2328],	-1,	-1,	5,	1
1,	[2398.01, 2329],	-1,	-1,	7,	1
1,	[2448.97, 2329.99],	-1,	-1,	6,	1
1,	[3099.01, 2332],	-1,	-1,	0,	1
1,	[1655.93, 2332.28],	-1,	-1,	1,	7
1,	[1756.03, 2338.01],	-1,	-1,	1,	2
1,	[1866.03, 2337.98],	-1,	-1,	7,	3
1,	[2071.98, 2342.01],	-1,	-1,	1,	0
1,	[2764.98, 2341.9],	-1,	-1,	7,	6
1,	[1690.99, 2345.99],	-1,	-1,	3,	3
1,	[1630.96, 2348.05],	-1,	-1,	-1,	6
1,	[1906.97, 2346.99],	-1,	-1,	7,	3
1,	[2116.96, 2348.02],	-1,	-1,	7,	4
1,	[1793.98, 2349.97],	-1,	-1,	6,	6
1,	[2710.98, 2348.05],	-1,	-1,	7,	6
1,	[2161.99, 2352.08],	-1,	-1,	5,	5
1,	[1947.05, 2354.02],	-1,	-1,	1,	2
1,	[2657.99, 2354.06],	-1,	-1,	7,	3
1,	[1727, 2358.98],	-1,	-1,	5,	1
1,	[1832.02, 2359.98],	-1,	-1,	1,	2
1,	[2254.99, 2359.03],	-1,	-1,	0,	6
1,	[2604.99, 2358.95],	-1,	-1,	6,	2
1,	[2875, 2359.03],	-1,	-1,	2,	1
1,	[1664.97, 2362.97],	-1,	-1,	5,	1
1,	[2501.03, 2363.03],	-1,	-1,	1,	2
1,	[2552.97, 2361.11],	-1,	-1,	6,	3
1,	[1989.95, 2362.96],	-1,	-1,	7,	7
1,	[2303, 2362.08],	-1,	-1,	7,	1
1,	[2351.03, 2364.05],	-1,	-1,	2,	1
1,	[2450.04, 2364.96],	-1,	-1,	1,	2
1,	[2986.99, 2365.02],	-1,	-1,	2,	3
1,	[3099.86, 2361.88],	-1,	-1,	1,	-1
1,	[2819.99, 2367.98],	-1,	-1,	6,	2
1,	[2076.01, 2377],	-1,	-1,	0,	1
1,	[1911.98, 2379.97],	-1,	-1,	3,	2
1,	[2765.97, 2375.99],	-1,	-1,	6,	6
1,	[2930.98, 2378.04],	-1,	-1,	0,	2
1,	[1800.03, 2382.06],	-1,	-1,	6,	2
1,	[2712.02, 2382.96],	-1,	-1,	6,	6
1,	[1733.03, 2387.99],	-1,	-1,	1,	2
1,	[2166, 2388.01],	-1,	-1,	5,	1
1,	[2659.02, 2388.06],	-1,	-1,	3,	2
1,	[1671.93, 2390.01],	-1,	-1,	1,	2
1,	[2875.99, 2390.04],	-1,	-1,	1,	7
1,	[2211.98, 2391.05],	-1,	-1,	5,	7
1,	[2607.01, 2393.99],	-1,	-1,	2,	1
1,	[1994.93, 2396.05],	-1,	-1,	6,	6
1,	[2258.97, 2394.9],	-1,	-1,	6,	6
1,	[2988.01, 2396.04],	-1,	-1,	3,	1
1,	[1769.04, 2401.02],	-1,	-1,	2,	3
1,	[2354.98, 2399.98],	-1,	-1,	1,	1
1,	[2403.96, 2400.98],	-1,	-1,	3,	0
1,	[1877.97, 2402.94],	-1,	-1,	3,	5
1,	[2037.04, 2403.92],	-1,	-1,	5,	6
1,	[2080.98, 2410.03],	-1,	-1,	1,	5
1,	[2932.01, 2410],	-1,	-1,	2,	2
1,	[1806.05, 2411.99],	-1,	-1,	2,	6
1,	[2125.03, 2415.98],	-1,	-1,	1,	5
1,	[1681.02, 2418.06],	-1,	-1,	6,	6
1,	[1958, 2421.02],	-1,	-1,	2,	3
1,	[2169.99, 2420.01],	-1,	-1,	1,	6
1,	[2714.49, 2416.46],	-1,	-1,	6,	3
1,	[1845.01, 2423.99],	-1,	-1,	7,	1
1,	[2609.02, 2425.98],	-1,	-1,	1,	3
1,	[2216.02, 2424.95],	-1,	-1,	7,	6
1,	[2989, 2424.05],	-1,	-1,	1,	0
1,	[2000, 2429.99],	-1,	-1,	6,	1
1,	[2262.98, 2428.98],	-1,	-1,	6,	3
1,	[2557.98, 2429.04],	-1,	-1,	0,	2
1,	[1714, 2432.02],	-1,	-1,	7,	6
1,	[1777, 2430.96],	-1,	-1,	3,	1
1,	[2309.99, 2431.03],	-1,	-1,	3,	0
1,	[2358, 2432.99],	-1,	-1,	1,	0
1,	[2506.98, 2432.05],	-1,	-1,	2,	3
1,	[2406.97, 2434.04],	-1,	-1,	0,	1
1,	[2042.02, 2436.03],	-1,	-1,	6,	3
1,	[1749.02, 2445.99],	-1,	-1,	2,	3
1,	[1814, 2442],	-1,	-1,	2,	5
1,	[1923.83, 2442.9],	-1,	-1,	2,	1
1,	[1964.02, 2452.97],	-1,	-1,	3,	1
1,	[2174.99, 2454.03],	-1,	-1,	6,	4
1,	[1784.96, 2458.03],	-1,	-1,	1,	3
1,	[2005.02, 2459.96],	-1,	-1,	1,	2
1,	[2220.05, 2457.06],	-1,	-1,	6,	6
1,	[2663.52, 2455],	-1,	-1,	2,	3
1,	[2266.97, 2460.05],	-1,	-1,	3,	6
1,	[2561, 2461.99],	-1,	-1,	2,	2
1,	[2314, 2463.99],	-1,	-1,	0,	1
1,	[2361.98, 2464.93],	-1,	-1,	0,	6
1,	[2510.02, 2465.01],	-1,	-1,	3,	1
1,	[2410.99, 2466.96],	-1,	-1,	1,	5
1,	[2771.98, 2471.03],	-1,	-1,	0,	3
1,	[1758.01, 2472.97],	-1,	-1,	3,	1
1,	[2718.99, 2478.95],	-1,	-1,	3,	3
1,	[1970.97, 2481.98],	-1,	-1,	1,	2
1,	[2881.99, 2480.99],	-1,	-1,	6,	6
1,	[1858.58, 2481.46],	-1,	-1,	1,	5
1,	[2225.05, 2488.97],	-1,	-1,	5,	1
1,	[2827.99, 2491.97],	-1,	-1,	3,	0
1,	[2271.98, 2492.3],	-1,	-1,	6,	5
1,	[2318.99, 2495],	-1,	-1,	1,	1
1,	[2513.97, 2494.99],	-1,	-1,	1,	0
1,	[2053.98, 2496.99],	-1,	-1,	3,	2
1,	[1766.01, 2497.02],	-1,	-1,	1,	0
1,	[2366.01, 2496.89],	-1,	-1,	6,	6
1,	[1937.01, 2501.97],	-1,	-1,	1,	0
1,	[2463.52, 2496.5],	-1,	-1,	5,	5
1,	[2774.02, 2500.05],	-1,	-1,	3,	3
1,	[2096.96, 2503.05],	-1,	-1,	1,	2
1,	[2722, 2508.01],	-1,	-1,	3,	3
1,	[2140.87, 2509.83],	-1,	-1,	5,	7
1,	[1803.12, 2510.61],	-1,	-1,	-1,	6
1,	[2670, 2514.04],	-1,	-1,	3,	0
1,	[2186.07, 2514.68],	-1,	-1,	3,	7
1,	[2830.02, 2518.02],	-1,	-1,	0,	1
1,	[1905.97, 2518.03],	-1,	-1,	7,	6
1,	[2618.99, 2519.96],	-1,	-1,	2,	0
1,	[2940.14, 2517.1],	-1,	-1,	2,	-1
1,	[1775.95, 2521],	-1,	-1,	0,	2
1,	[1837.99, 2521.98],	-1,	-1,	5,	2
1,	[2060.02, 2526.01],	-1,	-1,	2,	2
1,	[2276.51, 2522.47],	-1,	-1,	5,	1
1,	[1945, 2528.05],	-1,	-1,	0,	1
1,	[1752, 2530],	-1,	-1,	7,	-1
1,	[1985, 2537],	-1,	-1,	2,	6
1,	[2146.98, 2538.11],	-1,	-1,	7,	6
1,	[2673.98, 2542.02],	-1,	-1,	0,	1
1,	[2833.99, 2542.97],	-1,	-1,	1,	1
1,	[1914.4, 2544.15],	-1,	-1,	2,	6
1,	[2236.01, 2547.98],	-1,	-1,	1,	3
1,	[2572, 2551.04],	-1,	-1,	6,	1
1,	[1953.01, 2553.98],	-1,	-1,	1,	5
1,	[2110, 2560.03],	-1,	-1,	2,	3
1,	[2152.46, 2565.71],	-1,	-1,	2,	7
1,	[2678, 2567.98],	-1,	-1,	1,	1
1,	[2242.01, 2575.03],	-1,	-1,	3,	7
1,	[2576.01, 2576.04],	-1,	-1,	1,	7
1,	[2784.99, 2576.05],	-1,	-1,	7,	6
1,	[2287.97, 2577.92],	-1,	-1,	1,	6
1,	[2733, 2585.01],	-1,	-1,	7,	2
1,	[2117.01, 2586.04],	-1,	-1,	3,	1
1,	[2083.02, 2604.02],	-1,	-1,	6,	1
1,	[2434.99, 2607.06],	-1,	-1,	2,	3
1,	[2124.99, 2610.03],	-1,	-1,	1,	0
1,	[1941.98, 2612.03],	-1,	-1,	4,	3
1,	[2091, 2626.01],	-1,	-1,	1,	-1
1,	[2346.99, 2630.05],	-1,	-1,	2,	3
1,	[2441.97, 2631.98],	-1,	-1,	3,	1
1,	[1951.53, 2632],	-1,	-1,	3,	-1
1,	[2175.98, 2638.99],	-1,	-1,	4,	3
1,	[2263.02, 2647.97],	-1,	-1,	3,	6
1,	[2592.98, 2647.98],	-1,	-1,	6,	0
1,	[2354.97, 2653.97],	-1,	-1,	3,	1
1,	[2447.01, 2653.94],	-1,	-1,	1,	0
1,	[2184.01, 2660.04],	-1,	-1,	3,	-1
1,	[2360.99, 2674.03],	-1,	-1,	1,	0
1,	[2118.57, 2686],	-1,	-1,	6,	-1
1,	[2509.02, 2691.01],	-1,	-1,	7,	-1
1,	[2244.88, 2702.33],	-1,	-1,	4,	-1
1,	[2515.55, 2707.46],	-1,	-1,	7,	-1
